Subject,Year,Total Fatalities,Civilian Fatalities,Combatant Fatalities,Child Deaths,New IDPs,Total IDPs,Returnees,Refugees,Health Facilities Damaged,Schools Damaged,Water Systems Damaged,Key Conflict Events,Territorial Changes,Data Quality,Notes,Complete Sources List,Error
2010,2010,N/A. No single verified total figure for conflict-related fatalities in 2010 was found from ACLED or UN sources. The conflict was in a period of transition following the end of the Sixth Sa'dah War.,"N/A. HRW documents indiscriminate attacks causing civilian casualties, but no total figure. Specific incidents include 34 persons (mostly women and children) killed in a market bombing (Source: Opposition Socialist party website, cited by HRW) - Human Rights Watch (Apr 7, 2010)","N/A. Official news reports on Feb 6, 2010, claimed the Yemeni government suffered at least 126 casualties, including 19 tribal fighters, during the Sixth Sa'dah War - Wikipedia (citing official news reports)","N/A. A report by the Yemeni children's rights organization SEYAJ claims 187 children died in Sa'dah in the sixth round (2009-2010), but a 2010-specific figure is unavailable - Amnesty International (Jan 27, 2010) citing SEYAJ","N/A. At least 4,000 new IDPs from Al-Hawtah in the South were displaced in September 2010 - UN News/UNHCR (Sep 24, 2010)","347,300 total - UNHCR (Undated PDF, likely 2010/2011, cited in ReliefWeb)","6,000 returnees - UNHCR (Undated PDF, likely 2010/2011, cited in ReliefWeb)","N/A. No specific number for Yemenis who fled the country was found. The main refugee flow was *into* Yemen, with 18,855 Somali refugees arriving in 2010 - UNHCR (Jan 18, 2011)","N/A. No specific figure for 2010 found. Damage to infrastructure was extensive during the six Sa'dah wars (2004-2010), but year-specific data is not available from WHO or other verified sources.","N/A. No specific figure for 2010 found. Damage to schools was extensive during the six Sa'dah wars (2004-2010), but year-specific data is not available from UNICEF or other verified sources.","N/A. No specific figure for 2010 found. Damage to water systems was extensive during the six Sa'dah wars (2004-2010), but year-specific data is not available from UNICEF or other verified sources.",The Sixth Sa'dah War (Operation Scorched Earth) officially ended with a ceasefire between the Yemeni government and Houthi rebels in February 2010. Clashes sparked new displacement in the South in September 2010.,"N/A. The ceasefire in February 2010 between the government and Houthi rebels did not result in major, documented territorial control changes, but rather a cessation of hostilities in the North. Minor clashes continued in the South.","Medium. Displacement data is robust (UNHCR). Casualty and infrastructure data is highly fragmented, often cumulative from the entire 2004-2010 Sa'dah conflict, or based on secondary citations, making 2010-specific totals unavailable.","The year 2010 was marked by the formal conclusion of the Sixth Sa'dah War in the North, which had been the primary source of conflict and displacement since 2004. The majority of the reported casualties and infrastructure damage are cumulative figures from the entire 2004-2010 conflict period, making year-specific data for 2010 difficult to isolate. The humanitarian focus shifted to the large cumulative IDP population and the initial signs of escalating conflict in the South (against the Southern Movement). The main refugee flow was into Yemen, with 18,855 Somali refugees arriving in 2010.","1. Human Rights Watch. (2010, April 7). *All Quiet on the Northern Front?: Uninvestigated Laws of War Violations in Yemen’s War with Huthi Rebels*. [Report].
2. UN News/UNHCR. (2010, September 24). *Clashes spark new displacement in southern Yemen, UN agency reports*. [News Article].
3. UNHCR. (2010, January 29). *Internal displacement in Yemen passes 250,000 mark*. [Briefing Note].
4. UNHCR. (2011, January 18). *UNHCR encouraged by prospects of improved access in northern Yemen*. [Briefing Note].
5. UNHCR. (Undated, likely 2010/2011). *Yemen*. [PDF Document, cited in ReliefWeb].
6. Amnesty International. (2010, January 27). *Yemen: Cracking Down Under Pressure*. [Report snippet citing SEYAJ].
7. Wikipedia. (Undated). *Operation Scorched Earth*. [Article snippet citing official news reports].",
2011,2011,"More than 2,000 - Swarthmore Nonviolent Action Database (2012) [2] (Note: This figure is a post-event estimate covering the entire 2011-2012 uprising, including protesters, military defectors, and children, and is the most comprehensive figure available from a non-governmental source for the period.)",At least 225 civilians - Human Rights Watch (October 2011) [1],"N/A - Specific combatant fatality figures for the full year 2011 are not consistently reported by trusted humanitarian sources, which primarily focus on civilian casualties. The total fatality figure includes both civilian and combatant deaths.",At least 94 children - UNICEF (October 2011) [3],"At least 175,000 new IDPs - IDMC (April 2012) [4]","At least 463,500 total - UN (December 2011) [9]","N/A - No verified figure for IDPs who returned home in 2011 is available from trusted sources. Reports of returns (e.g., 80,000 in 2012) are from the following year [7].","25,500 new Somali refugees arrived in Yemen - UNHCR (January 2012) [6]. (Note: This figure represents new refugees *arriving* in Yemen, as Yemen was primarily a host country for refugees in 2011, not a source of refugees fleeing the country.)","N/A - Specific figures for health facilities damaged or destroyed in 2011 are not available from WHO or OCHA reports, which focus more on the general deterioration of the health system and the later, more destructive phase of the conflict (post-2015).","N/A - Specific figures for schools damaged or destroyed in 2011 are not available from UNICEF reports, which focus more on the later, more destructive phase of the conflict (post-2015). Reports from later years indicate over 2,500 schools were out of use [8].","N/A - Specific figures for water systems damaged or destroyed in 2011 are not available from UNICEF or OCHA reports, which focus more on the general deterioration of the water and sanitation sector and the later, more destructive phase of the conflict (post-2015).","The year was dominated by the **Yemeni Revolution (2011-2012)**, a series of mass protests against President Ali Abdullah Saleh's 33-year rule. Key events include: **February 2011**: Mass protests begin, inspired by the Arab Spring. **March 18, 2011 (""Friday of Dignity"")**: Security forces and pro-government loyalists open fire on protesters in Sana'a, killing at least 52 people [1]. **May 2011**: Heavy fighting erupts in Sana'a between forces loyal to President Saleh and those loyal to Sheikh Sadiq al-Ahmar, head of the powerful Hashed tribal confederation. **June 3, 2011**: A bombing at the presidential compound injures President Saleh, who is flown to Saudi Arabia for treatment. **October 2011**: Intense fighting continues in Sana'a and Ta'izz. **November 23, 2011**: President Saleh signs the Gulf Cooperation Council (GCC) initiative in Riyadh, agreeing to transfer power to his Vice President, Abdrabbuh Mansur Hadi, in exchange for immunity [2].","**Abyan Governorate**: In the south, the Al-Qaeda in the Arabian Peninsula (AQAP) affiliate, Ansar al-Sharia, seized control of large parts of Abyan Governorate, including the provincial capital Zinjibar, in the chaos of the uprising. **Sana'a**: The capital saw a shift in control, with the northern part of the city, including Change Square, coming under the de facto protection of the defected General Ali Mohsen al-Ahmar and the Hashed tribal confederation, challenging the authority of President Saleh's loyalists [5]. The signing of the GCC initiative in November 2011 marked the formal end of President Saleh's rule, leading to a political, though not territorial, change at the national level.","Medium - Data is sourced from highly trusted UN and human rights organizations (OHCHR, UNICEF, UNHCR, IDMC). However, the figures are often mid-year estimates or only cover specific incidents (e.g., the ""Friday of Dignity"" massacre) or specific conflict areas (e.g., Abyan), leading to an incomplete picture for the full year. Comprehensive, year-end figures for total and combatant fatalities are not available from these sources.","The conflict in 2011 was primarily characterized by the **Yemeni Uprising** against the Saleh regime, which involved mass civilian protests and subsequent violent crackdowns by government forces and loyalist militias. A secondary conflict involved the rise of Al-Qaeda in the Arabian Peninsula (AQAP), which seized control of territory in the southern Abyan Governorate. The humanitarian crisis was marked by a massive increase in internal displacement and a severe deterioration of basic services, including electricity, water, and fuel, which were often cut off as a tactic of war [5]. The political transition agreement signed in November 2011 temporarily ended the uprising but failed to resolve the underlying political and security issues, setting the stage for the later civil war.","1. Human Rights Watch. (2013, February 12). *Unpunished Massacre: Yemen’s Failed Response to the “Friday of Dignity” Killings*. [URL: https://www.hrw.org/report/2013/02/12/unpunished-massacre/yemens-failed-response-friday-dignity-killings]
2. Wikipedia. (n.d.). *Yemeni revolution*. [URL: https://en.wikipedia.org/wiki/Yemeni_revolution]
3. UNICEF. (2011, October 5). *UNICEF chief calls for urgent protection of children in Yemen*. [URL: https://news.un.org/en/story/2011/10/390522]
4. Internal Displacement Monitoring Centre (IDMC). (2012, April 19). *Annual IDP report shows conflicts uproot millions; six-fold increase in Middle East*. [URL: https://www.unhcr.org/news/stories/annual-idp-report-shows-conflicts-uproot-millions-six-fold-increase-middle-east]
5. Office of the High Commissioner for Human Rights (OHCHR). (2011, September 13). *Report of the High Commissioner on OHCHR’s visit to Yemen*. [URL: https://www.ohchr.org/sites/default/files/Documents/Countries/YE/YemenAssessmentMissionReport.pdf]
6. UNHCR. (2012, January 20). *Record number of African refugees and migrants cross the Gulf of Aden to Yemen in 2011*. [URL: https://www.unhcr.org/us/news/briefing-notes/record-number-african-refugees-and-migrants-cross-gulf-aden-2011]
7. UNHCR. (2012, November 16). *80,000 internally displaced people return home to southern Yemen*. [URL: https://www.unhcr.org/news/stories/80000-internally-displaced-people-return-home-southern-yemen]
8. UNICEF. (2018, March 27). *In Yemen, children's education devastated after three years of escalating conflict*. [URL: https://www.unicef.org/mena/press-releases/yemen-childrens-education-devastated-after-three-years-escalating-conflict]
9. Refworld. (2012, April 19). *People internally displaced by conflict and violence - Yemen*. [URL: https://www.refworld.org/reference/annualreport/idmc/2012/en/85801]",
2012,2012,"N/A - No verified annual total for conflict fatalities in 2012 was found from a single trusted source (ACLED, UN, etc.). The conflict was characterized by fragmented fighting, primarily the Abyan offensive and targeted attacks.","N/A - No verified annual total for civilian fatalities in 2012 was found. Fragmented reports indicate 34 civilians killed in the Abyan offensive (Wikipedia, citing unverified sources) and 17-26 civilian deaths in a single US drone strike in July 2012 (NPR, July 2012).","N/A - No verified annual total for combatant fatalities in 2012 was found. Fragmented reports indicate 78 soldiers and 429 Islamist fighters killed in the Abyan offensive (Wikipedia, citing unverified sources).","N/A - No verified annual total for child deaths from conflict in 2012 was found. Fragmented reports indicate at least 3 children killed in March 2012 (UNICEF Situation Report, April 2012) and 73 children killed by mines and UXOs as of September 2012 (UN OCHA, September 2012).","132,000 new IDPs - IDMC Global Overview 2012 (April 29, 2013)","385,000 total IDPs - IDMC Global Overview 2012 (April 29, 2013)","134,000 returnees - IDPs who returned home in the south (98,000) and north (36,000) by December 2012 (IDMC Global Overview 2012, April 29, 2013)","N/A - No verified data on the number of Yemeni refugees who fled Yemen in 2012 was found. UNHCR reports for 2012 focus on the record number of refugees and migrants (107,500) *arriving* in Yemen from the Horn of Africa (UNHCR, January 2013).","N/A - No verified annual total for health facilities damaged or destroyed in 2012 was found. The ICRC reported on renovations and repairs of damaged facilities (e.g., Al Rawdah hospital in Taiz) but did not provide a total number of facilities damaged by conflict in 2012 (ICRC Facts and Figures, January 2013).","N/A - No verified annual total for schools damaged or destroyed in 2012 was found. Fragmented reports indicate 42 schools in Lawder and 4 in Khanfar were partially damaged in May 2012 (UNICEF Situation Report, June 2012), and 13 schools used as polling stations were attacked or damaged in January-February 2012 (HRW, March 2014).","N/A - No verified annual total for water systems damaged or destroyed in 2012 was found. Fragmented reports indicate 30% of the water supply system in Yemen was not working by June 2012, but this is not a direct count of damaged systems (UN OCHA Humanitarian Bulletin, June 2012).","The year was dominated by the transition of power from Ali Abdullah Saleh to Abdrabbuh Mansur Hadi in February 2012. The most significant military event was the **2012 Abyan offensive** (May-June), where the Yemeni military, backed by local militias, launched a major campaign to retake control of towns in Abyan and Shabwah governorates from the Islamist militant group Ansar al-Sharia (Amnesty International, December 2012). The offensive successfully recaptured Zinjibar and Jaar. Targeted killings of military and security officials by groups affiliated with Al-Qaeda in the Arabian Peninsula (AQAP) also increased significantly (US Department of State, April 2013).","The most significant territorial change was the **recapture of major towns in Abyan and Shabwah governorates** (including Zinjibar and Jaar) from the control of Ansar al-Sharia (an al-Qaeda affiliate) by the Yemeni military and allied Popular Committees during the Abyan offensive (May-June 2012). This restored government control to these southern areas, though the security situation remained volatile (Amnesty International, December 2012).","Medium - Data for displacement is relatively high quality, sourced from IDMC and UNHCR. Data for casualties and infrastructure damage is low quality, as no consolidated annual figures from primary UN or ACLED sources could be found for this transitional year. Most casualty data is fragmented or from secondary sources.","2012 was a transitional year following the 2011 uprising, marked by the formal transfer of power to President Hadi and a major military offensive against Islamist militants in the south. While the political transition was underway, the humanitarian crisis deepened, with 10 million people lacking sufficient food and 12 million lacking access to clean water (HRW World Report 2013). The conflict was characterized by localized fighting, US drone strikes against AQAP, and a significant displacement crisis, particularly in the south. The lack of consolidated annual casualty figures from major data collectors like ACLED or UN OCHA for this year reflects the fragmented nature of the conflict before the major escalation in 2015.","1. Human Rights Watch (HRW). *World Report 2013: Yemen (Events of 2012)*. Published January 30, 2013. URL: https://www.hrw.org/world-report/2013/country-chapters/yemen
2. Norwegian Refugee Council/Internal Displacement Monitoring Centre (NRC/IDMC). *Global Overview 2012: People internally displaced by conflict and violence - Yemen*. Published April 29, 2013. URL: https://www.refworld.org/reference/annualreport/idmc/2013/en/36696
3. UNHCR. *A record 107,500 people reach Yemen in 2012 after risky sea crossing*. Published January 15, 2013. URL: https://www.unhcr.org/us/news/record-107500-people-reach-yemen-2012-after-risky-sea-crossing
4. UN OCHA. *Humanitarian crisis in Yemen*. Published September 30, 2012. URL: https://www.unocha.org/publications/report/yemen/humanitarian-crisis-yemen-0
5. UNICEF. *UNICEF Yemen Situation Report - Reporting period: May 2012*. Published June 22, 2012. URL: https://reliefweb.int/report/yemen/unicef-yemen-situation-report-reporting-period-may-2012
6. International Committee of the Red Cross (ICRC). *facts and figures January–December 2012 - Yemen*. Published January 29, 2013. URL: https://reliefweb.int/report/yemen/facts-and-figures-january%E2%80%93december-2012
7. US Department of State. *YEMEN 2012 HUMAN RIGHTS REPORT*. Published April 19, 2013. URL: https://2009-2017.state.gov/documents/organization/204602.pdf
8. Amnesty International. *Conflict in Yemen: Abyan's Darkest Hour*. Published December 3, 2012. URL: https://amnestyusa.mystagingwebsite.com/reports/conflict-in-yemen-abyans-darkest-hour/
9. Human Rights Watch (HRW). *Education Under Attack*. Published March 18, 2014. URL: https://www.hrw.org/news/2014/03/18/education-under-attack
10. NPR. *Yemen Airstrikes Punish Militants, And Civilians*. Published July 6, 2012. URL: https://www.npr.org/2012/07/06/156367047/yemen-airstrikes-punish-militants-and-civilians
11. Wikipedia. *2012 Abyan offensive*. (Used for fragmented casualty breakdown, noting unverified nature). URL: https://en.wikipedia.org/wiki/2012_Abyan_offensive",
2013,2013,"N/A - No comprehensive, verified annual figure available from trusted sources for 2013. The major conflict data from ACLED and UN agencies begins in 2015.","N/A - No comprehensive, verified annual figure available from trusted sources for 2013. However, at least 16 civilians were killed and 10 injured in a single US drone strike on December 12, 2013 (OHCHR Press Release, Dec 26, 2013).","N/A - No comprehensive, verified annual figure available from trusted sources for 2013. Human Rights Watch reported that US drone strikes killed between 72 and 139 people, mostly alleged militants, by mid-September 2013, but full inquiries were prevented (HRW World Report 2014).","N/A - No comprehensive, verified annual figure available from trusted sources for 2013. The conflict was fragmented, and the UN documented an increase in child casualties from mines, but did not provide a total annual figure (UN Security Council, S/2013/383, Jun 2013).","N/A - No verified annual figure for *new* IDPs in 2013. The UN OCHA report provides a cumulative total, but not the new displacement figure for the year.","299,000 total - Cumulative figures as of April 2013 (UN OCHA Humanitarian Snapshot, May 2013)","232,025 returnees - Cumulative figures as of April 2013 (UN OCHA Humanitarian Snapshot, May 2013)","N/A - The question asks for refugees who *fled* Yemen. Yemen was primarily a *host* country for refugees and migrants in 2013. UNHCR recorded more than **62,194 sea arrivals** (refugees and migrants, mostly from the Horn of Africa) in Yemen between January 1 and October 31, 2013 (UNHCR Briefing Note, Nov 8, 2013).",N/A - No verified annual figure available from trusted sources for 2013. Infrastructure damage reporting from UN agencies focuses primarily on the post-2015 conflict.,"N/A - No verified annual figure available from trusted sources for 2013. A 2018 report noted that dozens of schools were damaged or destroyed in 2013, but the UN was unable to verify a total number (GCPEA, Education Under Attack 2018).",N/A - No verified annual figure available from trusted sources for 2013. Infrastructure damage reporting from UN agencies focuses primarily on the post-2015 conflict.,"The **National Dialogue Conference (NDC)**, a key political transition event, was launched on March 18, 2013, and continued throughout the year. The year was also marked by continued **US drone strikes** against alleged Al-Qaeda in the Arabian Peninsula (AQAP) members, including a strike on a wedding procession on December 12 that killed at least 16 civilians. Sectarian clashes and fighting between government forces and AQAP continued in various regions (HRW World Report 2014; UN OCHA).","The year was characterized by localized fighting and counter-terrorism operations, not major front-line shifts. The return of IDPs to Abyan (as noted in the OCHA report) suggests a consolidation of government control in areas previously held by AQAP in 2012. No major, nationwide territorial control changes were reported in 2013.","Medium - Displacement data from UN OCHA and UNHCR is specific and verifiable. However, comprehensive casualty and infrastructure damage figures are largely unavailable from trusted sources, as the major conflict escalation began in 2015. Data is fragmented and focused on specific incidents or regions.","The year 2013 was a period of political transition following the 2011 uprising, centered on the National Dialogue Conference (NDC). While the major civil war had not yet begun, the country was characterized by a fragmented, low-intensity conflict involving government forces, AQAP, tribal militias, and the Houthi movement in the north. The lack of comprehensive casualty and infrastructure data reflects the decentralized nature of the conflict and the pre-major-war context. The focus of international reporting was on political transition, drone strikes, and the ongoing humanitarian needs of existing IDPs and returnees.","1. UN OCHA. *Yemen Humanitarian Snapshot (May 2013)*. June 9, 2013. [URL: https://www.unocha.org/publications/report/yemen/yemen-humanitarian-snapshot-may-2013]
2. UNHCR. *Sea crossings to Yemen exceed 62,000 so far in 2013*. Briefing Note. November 8, 2013. [URL: https://www.unhcr.org/news/briefing-notes/sea-crossings-yemen-exceed-62000-so-far-2013]
3. OHCHR. *UN experts condemn lethal drone airstrikes in Yemen*. Press Release. December 26, 2013. [URL: https://www.ohchr.org/en/press-releases/2013/12/un-experts-condemn-lethal-drone-airstrikes-yemen]
4. Human Rights Watch (HRW). *World Report 2014: Yemen*. January 2014. [URL: https://www.hrw.org/world-report/2014/country-chapters/yemen]
5. Global Coalition to Protect Education from Attack (GCPEA). *Education Under Attack 2018 - Yemen*. May 11, 2018. [URL: https://www.refworld.org/reference/annualreport/gcpea/2018/en/122323]",
2014,2014,"274 - Ministry of Public Health (Yemen) via UN OHCHR (A/HRC/30/31) [6] [7] (This figure is for the Battle of Sana'a in September 2014 only). Full-year, country-wide conflict fatality data is not available from trusted sources.","N/A - Data not disaggregated by source for the full year 2014. The UN OHCHR reported 274 people killed in the Battle of Sana'a (Sep 2014), including civilians, but without a separate civilian count [6] [7].",N/A - Data not disaggregated by source for the full year 2014.,"N/A - Exact verified number for the full year is not available. UNICEF reported that child casualties in 2015 were almost seven times higher than the whole of 2014, indicating a low but unquantified number for 2014 [9].","~112,350 new IDPs - UN OCHA (42,350 in Amran, Feb 2014) [11] and ReliefWeb/UN OCHA (70,000 in Sana'a, Sep 2014) [12].","~307,000 total - IDMC (Cumulative IDPs as of December 2013) [13]. This figure represents the pre-existing displacement from earlier conflicts (Sa'ada wars). The new displacements in 2014 would increase this total, but a final end-of-year 2014 cumulative figure is not explicitly available.","~600,000 returnees - IOM (Yemenis returned from Saudi Arabia between June 2013 and December 2014) [16]. IOM also reported 34,819 returnees interviewed between October 2013 and June 2014 [17]. The ~600,000 figure is the most comprehensive for the period covering 2014.","N/A - No specific number of Yemenis who fled Yemen as refugees in 2014 is available. UNHCR reported that Yemen hosted 246,000 refugees (mostly Somalis) in 2014 [15]. IOM reported that over 600,000 Yemenis returned from Saudi Arabia between June 2013 and December 2014, which is a figure for returnees to Yemen, not refugees fleeing Yemen [16].",N/A - No specific number of health facilities damaged or destroyed by conflict is available for the full year 2014 from trusted sources. Reports indicate that the healthcare system was already facing challenges [14].,N/A - No specific number of schools damaged or destroyed by conflict is available for the full year 2014 from trusted sources. UNICEF reports on school damage are generally post-2015 [18].,N/A - No specific number of water systems damaged or destroyed by conflict is available for the full year 2014 from trusted sources. Reports indicate that fuel shortages in 2014 affected water supply [14] [19].,"Houthi takeover of Sana'a (September 2014), marking the start of the current civil war [1] [2]. Battle of Amran (July 2014) [4]. Resignation of Prime Minister Mohammed Basindawa (September 2014) [1].",Houthis captured Sana'a in September 2014 [1] [5]. Houthis also seized the Red Sea port city of Hodeida in October 2014 [3]. The Houthi movement significantly expanded its control from its northern stronghold into central and western Yemen during the latter half of the year [5].,"Medium - Data for 2014 is sparse and fragmented, as the major conflict escalation began in late 2014 (Sana'a takeover) and intensified in 2015. Casualty figures are mostly limited to a single major event (Battle of Sana'a) and do not cover the full year. Displacement figures are based on pre-existing IDPs and new displacements from specific events. Infrastructure damage figures are not available for the full year.","The year 2014 marks the transition from a period of political instability and localized conflicts to the full-scale civil war. The Houthi takeover of Sana'a in September 2014 is the pivotal event, significantly escalating the conflict and displacement crisis. Prior to this, the country was already dealing with a protracted humanitarian crisis and internal displacement from earlier conflicts (Sa'ada wars). The lack of comprehensive, full-year conflict data (especially from ACLED, which primarily tracks from 2015) and infrastructure damage figures reflects the pre-escalation phase of the conflict [8]. The displacement figures are a combination of pre-existing IDPs and new displacements caused by the Houthi advances in Amran and Sana'a [11] [12] [13].","1. Wikipedia. Yemeni civil war (2014–present). URL: https://en.wikipedia.org/wiki/Yemeni_civil_war_(2014%E2%80%93present)
2. Council on Foreign Relations (CFR). Conflict in Yemen and the Red Sea | Global Conflict Tracker. URL: https://www.cfr.org/global-conflict-tracker/conflict/war-yemen
3. Arab Center Washington DC. A Timeline of the Yemen Crisis, from the 1990s to the Present. URL: https://arabcenterdc.org/resource/a-timeline-of-the-yemen-crisis-from-the-1990s-to-the-present/
4. ACLED. Northwestern Highlands. URL: https://acleddata.com/region-profile/northwestern-highlands
5. Crisis Group. Yemen's Houthi Takeover. URL: https://www.crisisgroup.org/middle-east-north-africa/yemen/yemens-houthi-takeover
6. UN Office of the High Commissioner for Human Rights (OHCHR). Situation of human rights in Yemen (A/HRC/30/31). September 7, 2015. URL: https://docs.un.org/en/A/HRC/30/31
7. Human Rights Watch (HRW). Yemen: Civilian Toll of Fighting in Capital. November 18, 2014. URL: https://www.hrw.org/news/2014/11/18/yemen-civilian-toll-fighting-capital
8. ACLED. Yemen War Death Toll Exceeds 90,000 According to New ACLED Data (2015-Present). June 19, 2019. URL: https://acleddata.com/press/yemen-war-death-toll-exceeds-90000-according-new-acled-data-2015
9. UNICEF. Yemen's children on the brink as country risks becoming a failed state. March 29, 2016. URL: https://www.unicef.org/mena/press-releases/yemens-children-on-the-brink
10. The World. This man lost his daughter to a Saudi bomb. Now he's fighting for justice. May 1, 2016. URL: https://theworld.org/stories/2016/05/01/man-saw-his-daughter-die-after-plane-dropped-bomb-his-house-now-he-s-fighting
11. UN OCHA. Yemen: Conflict and new displacement in Amran Situation Report No.1. February 6, 2014. URL: https://www.unocha.org/publications/report/yemen/yemen-conflict-and-new-displacement-amran-situation-report-no1-6-february-2014
12. ReliefWeb. Conflict & Displacement in Yemen: July 14 - September 15 2014. September 15, 2014. URL: https://reliefweb.int/report/yemen/conflict-displacement-yemen-july-14-september-15-2014
13. Internal Displacement Monitoring Centre (IDMC). people internally displaced by conflict and violence - Yemen. May 14, 2014. URL: https://www.refworld.org/reference/annualreport/idmc/2014/en/99225
14. UN OCHA. Yemen Humanitarian Response Plan 2014. February 17, 2014. URL: https://www.unocha.org/publications/report/yemen/yemen-humanitarian-response-plan-2014
15. UNHCR. 2014 becomes the deadliest year at sea off Yemen. October 17, 2014. URL: https://www.unhcr.org/us/news/stories/2014-becomes-deadliest-year-sea-yemen
16. IOM. The Middle East - and North Africa - IOM Publications (Annual Report 2014). URL: https://publications.iom.int/system/files/pdf/mena_annual_report_2014.pdf
17. IOM. Yemeni migrants returned from Saudi Arabia through the Al-Tawal border crossing. June 30, 2014. URL: https://www.iom.int/files/live/sites/iom/files/Country/docs/2014-07-01-Yemeni-Migrant-Snapshot.pdf
18. UNICEF. In Yemen, children's education devastated after three years of conflict. March 27, 2018. URL: https://www.unicef.org/press-releases/yemen-children-education-devastated-three-years-conflict
19. UN OCHA. Yemen Humanitarian Bulletin Issue 31 | 4 September – 8 October 2014. October 9, 2014. URL: https://reliefweb.int/report/yemen/yemen-humanitarian-bulletin-issue-31-4-september-8-october-2014
20. UN OCHA. Yemen Humanitarian Bulletin Issue 32 | 9 October – 5 November 2014. November 5, 2014. URL: https://www.unocha.org/publications/report/yemen/yemen-humanitarian-bulletin-issue-32-9-october-5-november-2014",
2015,2015,"17,100 reported killed - ACLED (Yemen Snapshots: 2015-2019) [1] [2]","4,468 civilians - ACLED (Yemen Snapshots: 2015-2019) [1]","12,632 combatants (Estimated: 17,100 total - 4,468 civilian) - ACLED (Yemen Snapshots: 2015-2019) [1] [2]","747 children killed - UN Secretary-General's Report on Children and Armed Conflict (2016, covering 2015) [3]",2.5 million new IDPs - UNHCR (Global Trends: Forced Displacement in 2015) [4],2.5 million total - UNHCR (Global Trends: Forced Displacement in 2015) [4],"N/A - IOM DTM did not report a final, verified number of returnees for the full year 2015. Tracking of returnees was not a primary focus in the initial emergency phase.","92,446 individuals - UNHCR (Regional Update - Yemen Situation #34, Dec 2015) [5]","At least 69 facilities - UN OCHA (Yemen Humanitarian Bulletin Issue 5, Nov 2015) [6]","530 schools (140 totally damaged, 390 partially damaged) - UN OCHA (Humanitarian Snapshot on Education, Sep 2015) [7]","N/A - No specific, verified number for water systems damaged in 2015 was found in reports from UNICEF or UN OCHA. Reports focus on the lack of basic drinking water services [10].","The Saudi-led coalition intervention, codenamed Operation Decisive Storm, was launched on March 26, 2015, in support of the internationally recognized government of President Hadi. This marked the start of the internationalized phase of the conflict.","The Saudi-led coalition intervention in March 2015 led to a major shift in territorial control. Pro-Hadi forces, backed by the coalition, successfully pushed back Houthi-Saleh forces from the southern port city of Aden and other southern governorates, while the Houthis consolidated control over the capital Sana'a and the northern highlands [9].","Medium. Data for 2015, the first year of the Saudi-led intervention, is challenging to verify due to the intensity of the conflict and limited access. Casualty figures are based on reported events (ACLED), and displacement figures are based on IOM DTM and UNHCR assessments, which are considered the most reliable available but are likely undercounts. The combatant fatality figure is an estimate derived from the difference between total and civilian fatalities.","2015 was the most lethal year for civilians in the conflict, primarily due to the highly indiscriminate targeting by Saudi-led coalition airstrikes in the first months of the intervention [1]. The 2.5 million total IDPs recorded by year-end represents the new displacement caused by the escalation of the conflict following the start of Operation Decisive Storm in March 2015 [4]. The total number of schools affected (530) includes 140 totally damaged and 390 partially damaged [7]. The number of returnees is N/A as IOM DTM's tracking of returnees was not fully established or reported for the full year 2015.","1. ACLED. ""Yemen Snapshots: 2015-2019."" June 19, 2019. URL: https://acleddata.com/report/yemen-snapshots-2015-2019
2. AP News. ""Database says 91,600 killed in Yemen fighting since 2015."" June 19, 2019. URL: https://apnews.com/general-news-b28a2bdb1b01413689e05a7204e6ea90
3. UN Secretary-General. ""Children and armed conflict: report of the Secretary-General."" 2016 (covering 2015). URL: https://www.securitycouncilreport.org/atf/cf/%7B65BFCF9B-6D27-4E9C-8CD3-CF6E43537928%7D/children_armed_conflict_S_2016_360.pdf
4. UNHCR. ""Global Trends: Forced Displacement in 2015."" June 20, 2016. URL: https://www.unhcr.org/us/news/stories/global-forced-displacement-hits-record-high
5. UNHCR. ""Regional Update - Yemen Situation #34, December 2015."" December 31, 2015. URL: https://reliefweb.int/report/yemen/unhcr-regional-update-yemen-situation-34-december-2015
6. UN OCHA. ""Yemen Humanitarian Bulletin Issue 5."" November 13, 2015. URL: https://www.unocha.org/publications/report/yemen/yemen-humanitarian-bulletin-issue-5-issued-13-november-2015
7. UN OCHA. ""Yemen: Humanitarian Snapshot on Education (21 September 2015)."" September 21, 2015. URL: https://www.unocha.org/publications/report/yemen/yemen-humanitarian-snapshot-education-21-september-2015
8. Britannica. ""Operation Decisive Storm."" URL: https://www.britannica.com/event/Operation-Decisive-Storm
9. ACLED. ""Yemen Snapshots: 2015-2019."" June 19, 2019. URL: https://acleddata.com/report/yemen-snapshots-2015-2019
10. UN OCHA. ""Yemen: Humanitarian Bulletin Issue 5."" November 13, 2015. URL: https://www.unocha.org/publications/report/yemen/yemen-humanitarian-bulletin-issue-5-issued-13-november-2015",
2016,2016,"15,100 - ACLED [1]","2,200 civilians - ACLED [1] (Figure for direct civilian targeting, an underestimate of total conflict-related civilian fatalities)","12,900 combatants - ACLED [1] (Calculated: 15,100 total - 2,200 civilian)","1,121 children - UNICEF [2] (Cumulative figure from March 2015 to August 2016)",N/A - Not explicitly provided. The IOM TFPM report focuses on the stock of IDPs and returnees. The total IDP figure decreased from earlier in the year due to returnees.,"2,007,216 total - IOM DTM [3]","1,027,674 returnees - IOM DTM [3] (Data collected through October and November 2016)","170,000 - UNHCR [4] (Figure as of April 2016, final end-of-year figure not available from a single verified source)","274 facilities - WHO [5] (Figure as of October 25, 2016)","1,396 schools - UNICEF [6] (Cumulative figure for partially or totally damaged schools)",N/A - No specific number of damaged water systems for 2016 was found in a single verified source. Sources indicate that water and sanitation systems were destroyed or forced to close down.,"Peace talks in Kuwait (April-August 2016) failed, leading to a dramatic escalation of hostilities. Major fighting continued in Taiz, Hodeidah, and Al Jawf.",N/A - No single verified source provides a concise summary of major territorial changes for the entire year 2016. The conflict remained largely a stalemate with intense fighting in key governorates.,"Medium - Data is sourced from highly trusted UN agencies (UNICEF, WHO, UNHCR) and ACLED. However, several key figures (child deaths, new IDPs, schools/water damage, refugees) are either cumulative, partial-year, or not explicitly available for the full 2016 period, requiring notes and caveats.","The conflict in 2016 was marked by the failure of the UN-backed peace talks in Kuwait, which led to a significant escalation of hostilities. The total IDP figure decreased due to a large number of returnees, indicating a shift in population movement dynamics, although the humanitarian situation remained dire. The casualty figures from ACLED are for conflict-related fatalities, with the civilian figure representing only direct targeting, which is noted as an underestimate. Infrastructure damage figures are largely cumulative from the start of the conflict in March 2015.","1. ACLED, ""Yemen War Death Toll Exceeds 90,000 According to New ACLED Data for 2015,"" Press Release, June 19, 2019. URL: https://acleddata.com/press/yemen-war-death-toll-exceeds-90000-according-new-acled-data-2015
2. UNICEF, ""Children paying 'heaviest price' of Yemen conflict,"" Press Release, August 9, 2016. URL: https://news.un.org/en/story/2016/08/536342
3. IOM, ""Yemen: Task Force on Population Movement (TFPM) - 12th Report - Executive Summary - January 2017."" URL: https://reliefweb.int/report/yemen/yemen-task-force-population-movement-tfpm-12th-report-executive-summary-january-2017
4. UNHCR, ""Yemen: UNHCR Operational Update, April 2016 [EN/AR],"" April 27, 2016. URL: https://reliefweb.int/report/yemen/yemen-unhcr-operational-update-april-2016-enar
5. WHO, ""New UN survey reveals extensive damage to health system in Yemen,"" News Article, November 7, 2016. URL: https://news.un.org/en/story/2016/11/544692
6. UNICEF, ""Yemen - Humanitarian Situation Report,"" August 2016. URL: https://www.unicef.org/mena/media/821/file",
2017,2017,"16,832 - ACLED (Yemen, year 2017: Update on incidents according to the Armed Conflict Location & Event Data Project, Updated 2nd edition, December 2018) [1]","4,149 - ACLED (Yemen Snapshots: 2015-2019, June 2019) [2]","12,683 (Calculated: 16,832 total - 4,149 civilian) - ACLED [1] [2]","800+ children killed or maimed - UNICEF (Annual Results Report 2017, Child Protection) [3]","Over 150,000 new IDPs - OCHA (Yemen 2018 Humanitarian Needs Overview, December 2017) [4]","2,014,026 total - IOM (TFPM 16th Report, October 2017) / UNHCR (Yemen UNHCR Update, December 2017) [5] [6]","Over 1,000,000 returnees - OCHA (Yemen 2018 Humanitarian Needs Overview, December 2017) [4]","280,000+ refugees from Yemen - UNHCR (Global Trends 2017) [7]","350 facilities (278 partially damaged, 72 fully damaged) - WHO (Yemen Annual Report 2017, March 2018) [8]","1,669 schools (partially or totally destroyed) - UNICEF (Yemen Humanitarian Situation Report, December 2017) [9]","N/A - Specific figure for total damaged water systems is not available. The conflict caused 16 million people to lack access to safe water, leading to a massive cholera outbreak [10].","The collapse of the Houthi-Saleh alliance in December, culminating in the killing of former President Ali Abdullah Saleh. The year also saw the start of the massive cholera outbreak in April and a tightening of the Saudi-led blockade following a Houthi missile launch toward Riyadh in November.","Houthi forces consolidated control over Sana'a and surrounding areas following the collapse of their alliance with Ali Abdullah Saleh's forces. Pro-Hadi forces, backed by the Saudi-led coalition, continued the West Coast Offensive, with significant fighting around Mokha.","Medium - Data is sourced from highly trusted UN agencies (UNICEF, WHO, OCHA, UNHCR) and the leading conflict data aggregator (ACLED). However, figures are often estimates, partial (e.g., child casualties are 'killed or maimed'), or based on mid-year reports (e.g., IOM IDP figures), and combatant fatalities are a calculation based on ACLED's total and civilian figures.","2017 was a devastating year, marked by the world's largest cholera outbreak, which saw over one million suspected cases. The conflict's dynamics shifted dramatically with the breakdown of the Houthi-Saleh alliance, leading to Houthi consolidation of power in the capital. The Saudi-led coalition's blockade significantly exacerbated the humanitarian crisis, particularly impacting food and fuel imports.","1. ACLED. Yemen, year 2017: Update on incidents according to the Armed Conflict Location & Event Data Project (ACLED) - Updated 2nd edition, December 2018. URL: https://www.ecoi.net/en/file/local/2002489/2017yYemen_en.pdf\n2. ACLED. Yemen Snapshots: 2015-2019, June 2019. URL: https://acleddata.com/report/yemen-snapshots-2015-2019\n3. UNICEF. Annual Results Report 2017, Child Protection. URL: https://www.unicef.org/media/47761/file/Child_Protection_2017_Annual_Results_Report.pdf\n4. OCHA. Yemen 2018 Humanitarian Needs Overview, December 2017. URL: https://www.ecoi.net/en/file/local/1419999/1930_1513684265_yemen-humanitarian-needs-overview-hno-2018-20171204-0.pdf\n5. IOM. TFPM 16th Report, October 2017. URL: https://www.iom.int/sites/g/files/tmzbdl486/files/country/docs/TFPM-16th-Report-Oct2017.pdf\n6. UNHCR. Yemen UNHCR Update, 19 – 31 December 2017. URL: https://reliefweb.int/report/yemen/yemen-unhcr-update-19-31-december-2017\n7. UNHCR. Global Trends 2017. URL: https://www.unhcr.org/ch/sites/ch/files/legacy-pdf/GlobalTrends2017.pdf\n8. WHO. Yemen Annual Report 2017, March 2018. URL: https://applications.emro.who.int/docs/YEM/WHO_Annual_rep_yemen_2018_16944_EN.pdf\n9. UNICEF. Yemen Humanitarian Situation Report (December 2017). URL: https://reliefweb.int/report/yemen/unicef-yemen-humanitarian-situation-report-december-2017-enar\n10. OCHA. Yemen Humanitarian Bulletin Issue 25, 16 July 2017. URL: https://www.unocha.org/publications/report/yemen/yemen-humanitarian-bulletin-issue-25-16-july-2017-enar",
2018,2018,"20,873 - ACLED, June 2019","2,426 civilians - ACLED, June 2019","18,447 combatants - Calculated (20,873 total - 2,426 civilian)","1,427 children killed or maimed - UNICEF, December 2018","252,000 new IDPs - IDMC GRID 2019","4,795,983 total - UNHCR, End of 2018","983 returnees - UNHCR, End of 2018","46,827 - UNHCR, End of 2018","More than half of facilities non-functional - UNICEF, July 2018","1,500 schools - UNICEF, July 2018","At least 2,200 systems - UNICEF, July 2018",Hodeidah Offensive (June 2018) by Saudi-led coalition and allied forces; Battle of Aden (January 2018) between Southern Transitional Council (STC) and Yemeni government; Stockholm Agreement (December 2018) establishing a ceasefire in Hodeidah.,"Houthi forces lost considerable ground along the Red Sea coast to UAE-backed forces, particularly during the Hodeidah offensive.","Medium/High. Data from ACLED, UNHCR, IDMC, and UNICEF are highly reliable. However, the casualty figures are for direct conflict deaths only and do not include indirect deaths (e.g., from disease or starvation), which are significantly higher. Infrastructure damage figures are cumulative since 2015 and not specific to 2018 alone.","The year 2018 was marked by a significant escalation in violence, particularly the Hodeidah Offensive, which led to a spike in new displacement and civilian casualties. The total fatality figure of 20,873 from ACLED is for direct conflict deaths only. The actual death toll from both direct and indirect causes (disease, starvation, lack of healthcare) is estimated to be far higher. The infrastructure damage figures are cumulative since the start of the conflict in 2015. The figure for damaged health facilities is a qualitative assessment from UNICEF, as precise numbers for facilities *damaged or destroyed* in 2018 alone are not consistently available across all sources.","1. ACLED (Armed Conflict Location & Event Data Project), *Yemen War Death Toll Exceeds 90,000*, June 2019. URL: https://acleddata.com/press/yemen-war-death-toll-exceeds-90000-according-new-acled-data-2015
2. IDMC (Internal Displacement Monitoring Centre), *Global Report on Internal Displacement 2019 (GRID 2019)*. URL: https://www.internal-displacement.org/global-report/grid2019/
3. UNHCR (UN Refugee Agency), *Refugee Data Finder, Annexes for Global and Mid-Year Trends, Year 2018*. URL: https://www.unhcr.org/refugee-statistics/insights/annexes/trends-annexes.html?situation=1
4. UNICEF (UN Children's Fund), *World has failed to protect children in conflict in 2018*, 27 December 2018. URL: https://www.unicef.org/press-releases/world-has-failed-protect-children-conflict-2018-unicef
5. UN News, *Yemen: ‘No justification for this carnage,’ says UNICEF chief, as children in need now outnumber population of Switzerland*, 3 July 2018. URL: https://news.un.org/en/story/2018/07/1013802
6. International Crisis Group, *Yemen's Multiplying Conflicts*, October 2019 (Used for conflict events and territorial changes context).
7. Al Jazeera, *The good and the bad in the new peace agreement on Yemen*, 19 December 2018 (Used for Stockholm Agreement context).",
2019,2019,"N/A - A precise, single-year total conflict fatality figure for 2019 from a single authoritative source is not publicly available. ACLED's cumulative figure surpassed 100,000 by Oct 2019. The most reliable annual figure is the civilian fatality count of 1,013 (CIMP 2019).","1,013 civilians - Civilian Impact Monitoring Project (CIMP) 2019 Annual Report",N/A - ACLED methodology does not separate combatant fatalities in its public reporting for Yemen.,275 children - Civilian Impact Monitoring Project (CIMP) 2019 Annual Report,"395,712 individuals - IOM Yemen DTM, Rapid Displacement Tracking Report (01 Jan – 14 Dec 2019)","3.6 million total - IOM Yemen DTM, Area Assessment Round 37 (March 2019)","N/A - A specific, verified figure for IDP returnees in 2019 is not available. The figure of 1.28 million IDP returnees is a cumulative estimate from the IOM DTM Area Assessment (March 2019).","280,000 refugees - UNHCR Global Trends 2019 (Estimate for refugees and asylum-seekers from Yemen)","N/A - While reports indicate 49% of health facilities were affected (WHO 2019), a specific number of facilities damaged or destroyed in 2019 is not available from a single source. The figure of 142 attacks on medical facilities is cumulative from 2015-2019 (WHO).","2,500 schools - UNICEF (Cumulative figure for schools destroyed, damaged, or used for non-educational purposes since the start of the conflict)","N/A - A specific number of water systems damaged or destroyed in 2019 is not available. Reports indicate significant infrastructure damage, which contributed to the cholera crisis.","Signing of the Riyadh Agreement on November 5, 2019, between the internationally recognized Government of Yemen and the Southern Transitional Council (STC) to end fighting in the south. Major clashes between STC forces and government forces in Aden and Abyan in August 2019, leading to the STC taking control of Aden. Continued intense fighting in Al Dhale'e, Hajjah, and Al Hudaydah governorates.","The most significant territorial change was the temporary seizure of Aden and parts of Abyan and Shabwah governorates by the UAE-backed Southern Transitional Council (STC) forces in August 2019, following clashes with forces loyal to the internationally recognized government. This led to the signing of the Riyadh Agreement in November 2019, which aimed to integrate the STC into the government structure.","Medium - Data for civilian and child fatalities is sourced from the highly reliable Civilian Impact Monitoring Project (CIMP). Displacement data is from IOM DTM and UNHCR, which are the primary and most trusted sources. However, a precise, single-year total conflict fatality figure and combatant fatality figure from a single authoritative source for 2019 is not publicly available, leading to a medium assessment.","2019 saw a significant decline in conflict-related fatalities compared to 2018, but the humanitarian crisis remained severe. The year was marked by the internal conflict between the UN-recognized government and the UAE-backed Southern Transitional Council (STC) in the south, culminating in the Riyadh Agreement. The total cumulative conflict-related deaths since 2015 surpassed 100,000 by October 2019 (ACLED). The total number of people in need of humanitarian assistance was 24.1 million (UN OCHA 2019).","1. Civilian Impact Monitoring Project (CIMP). (2020, March 2). *2019 Annual Report, 1 January - 31 December 2019*. ReliefWeb. [Source for Civilian and Child Fatalities]
2. IOM Yemen DTM. (2019, December 14). *Rapid Displacement Tracking Report (01 Jan – 14 Dec 2019)*. [Source for New IDPs]
3. IOM Yemen. (2019, March). *Yemen Area Assessment Round 37*. [Source for Total IDPs]
4. UNHCR. (2020, June 18). *Global Trends: Forced Displacement in 2019*. [Source for Refugees]
5. UNICEF. (2019). *Yemen Humanitarian Situation Report, Year-End 2019*. [Source for Schools Damaged]
6. International Crisis Group. (2019, October 16). *Yemen's Multiplying Conflicts*. [Source for Key Conflict Events/Context]
7. Sana'a Center for Strategic Studies. (2020, November 13). *The Riyadh Agreement One Year On*. [Source for Territorial Changes/Key Conflict Events]
8. ACLED. (2019, October 31). *Over 100,000 Reported Killed in Yemen War*. [Source for Contextual Total Fatalities]
9. UN OCHA. (2019). *Yemen Humanitarian Needs Overview 2019*. [Source for Contextual Notes]",
2020,2020,"19,685 - ACLED 2020: The Year in Review",749 civilians - Civilian Impact Monitoring Project (CIMP) 2020 Annual Report,"18,936 combatants (Derived: 19,685 ACLED Total - 749 CIMP Civilian)",179 children - Civilian Impact Monitoring Project (CIMP) 2020 Annual Report,"172,386 new IDPs - IOM DTM, ""Yemen - Rapid Displacement Tracking - Annual Report 2020""","3,635,000 total - IDMC Global Report on Internal Displacement (GRID) 2020","10,788 returnees - IOM DTM, ""Yemen - Rapid Displacement Tracking - Annual Report 2020""","N/A. UNHCR focuses on the hosted refugee population (136,700 at end of 2020). No single-year figure for Yemenis who fled is consistently reported.","Over 18 facilities - ACAPS, ""Crisis Insight: Yemen Crisis Impact Overview""","Over 2,000 schools (cumulative figure up to 2020) - UNESCO/UNCT, ""UNCT Annual Report 2020""","N/A. Widespread damage reported, but no precise annual figure for conflict-related damage is available.","Houthi forces launched a major offensive, capturing the strategic city of al-Hazm in Al Jawf governorate in March 2020. This was followed by a shift in the main frontlines to Marib, where a drone and missile attack on a military camp in January killed at least 111 soldiers.","Houthi forces gained significant territory in Al Jawf, capturing the governorate capital of al-Hazm. The internationally recognized government controlled less territory by the end of 2020 compared to 2019 (US State Department 2020 Human Rights Report).","Medium. Core data from trusted sources (ACLED, CIMP, IOM DTM). However, total fatalities (ACLED) and civilian fatalities (CIMP) use different methodologies, requiring a derived figure for combatant fatalities. Infrastructure damage figures are either cumulative or not precisely quantified for the year.","2020 saw a decrease in overall conflict-related fatalities compared to previous years, but a significant Houthi offensive in Al Jawf and Marib led to major displacement. The conflict continued to severely impact civilian infrastructure, with over 18 health facilities hit and widespread damage to schools and water systems. The total cumulative IDP figure reached 3.6 million by the end of the year. The figure for combatant fatalities is derived by subtracting the CIMP civilian fatality count from the ACLED total fatality count, as ACLED does not provide a separate combatant figure.","1. Civilian Impact Monitoring Project (CIMP) 2020 Annual Report, 1 January - 31 December 2020. (URL: https://civilianimpactmonitoring.org/onewebmedia/2020%20CIMP%20Annual%20Report.pdf)
2. ACLED 2020: The Year in Review, March 2021. (URL: https://acleddata.com/sites/default/files/wp-content-archive/uploads/2021/08/ACLED_Annual-Report-2020_Upd2021.pdf)
3. IOM DTM, ""Yemen - Rapid Displacement Tracking - Annual Report 2020."" (URL: https://dtm.iom.int/sites/g/files/tmzbdl1461/files/reports/Rapid%20Displacement%20Tracking%20Annual%20Report_2020.pdf)
4. IDMC Global Report on Internal Displacement (GRID) 2020, Table 1. (URL: https://www.internal-displacement.org/global-report/grid2020/downloads/2020-IDMC-GRID-global-figures-tables.pdf)
5. UNHCR, ""UNHCR Refugee Program in Sanaa / Amanat al-Asimah Year 2020,"" April 8, 2021.
6. ACAPS, ""Crisis Insight: Yemen Crisis Impact Overview - Key humanitarian developments in 2020 and outlook for 2021,"" May 10, 2021. (URL: https://reliefweb.int/report/yemen/crisis-insight-yemen-crisis-impact-overview-key-humanitarian-developments-2020-and)
7. UNESCO/UNCT, ""UNCT Annual Report 2020,"" May 18, 2021. (URL: https://yemen.un.org/sites/default/files/2021-06/Yemen_UNCT%20Report%202020%20-%20Final_0.pdf)
8. Arab Center Washington DC, ""A Timeline of the Yemen Crisis, from the 1990s to the Present.""
9. Wikipedia, ""January 2020 Marib attack.""
10. US Department of State, ""YEMEN 2020 HUMAN RIGHTS REPORT.""",
2021,2021,"18,385 fatalities - ACLED 2021: The Year in Review (direct conflict fatalities) [4]","749 civilians - CIMP 2020 (Used as a proxy for the number of killed civilians in 2021 due to lack of specific 2021 'killed' figure from CIMP, but CIMP reported 2,508 total civilian casualties in 2021) [2] [3]","N/A - ACLED's reported 18,385 total fatalities for 2021 is a combination of combatant and civilian deaths, but a precise breakdown of combatant fatalities is not provided in publicly available summaries. [4]",340 children - UN Secretary-General's Annual Report on Children and Armed Conflict 2021 (verified killed and maimed) [1],"157,554 new IDPs - IOM DTM Annual Rapid Displacement Tracking Report (2021) (representing 26,259 households displaced at least once) [8]",3.3 million total IDPs - ScienceDirect (Reconstructing subdistrict-level population denominators) (as of end 2021) [14],"N/A - IOM DTM reports on Yemeni *migrant* returns from Saudi Arabia (27,845 in 2021) [11], but a specific, verified figure for *IDP returnees* (IDPs who returned home within Yemen) for the full year 2021 is not explicitly available in the main IOM DTM annual reports. [8]","N/A - UNHCR data focuses on the number of refugees *hosted* by Yemen (102,082 refugees and asylum-seekers as of end of 2021) [9]. A specific, verified figure for the number of Yemeni refugees who *fled* Yemen in 2021 is not readily available from UNHCR, which typically reports on the total number of refugees from a country (which is a cumulative figure). [10]","N/A - The most commonly cited figure is that 46% of health facilities are only partially functioning or entirely out of service (WHO), but a specific number of facilities *damaged or destroyed in 2021* is not available. [5]","2,916 schools - UNICEF (cumulative figure of schools destroyed, partially damaged, or utilized for non-educational purposes as of 7 years into the conflict, i.e., 2021) [12]","N/A - UNICEF reported 122 airstrikes on water infrastructure between March 2015 to February 2021 [13], but a specific number of water systems *damaged or destroyed in 2021* is not available.","Houthi offensive on Marib: The year was dominated by the Houthi movement's major offensive to capture the strategically vital Marib governorate, which began in February 2021 and continued throughout the year, leading to massive displacement. [6] [7]","Houthi forces intensified their offensive on Marib, capturing significant territory in the surrounding districts, but the city of Marib itself remained under the control of the Internationally Recognized Government (IRG) forces. The year saw a general shift in the balance of power in favor of the Houthis in the north and center. [6] [7]","Medium - Data on total fatalities is High (ACLED) and new IDPs is High (IOM DTM). However, specific breakdowns for combatant fatalities and the exact number of civilians *killed* in 2021 are not explicitly available from the most trusted sources, leading to the use of a proxy figure for civilian fatalities and an 'N/A' for combatant fatalities. Infrastructure damage figures are cumulative and not specific to 2021.","The total conflict-related death toll in Yemen by the end of 2021 was projected to reach 377,000, with nearly 60% of these being indirect deaths due to lack of food, health services, and infrastructure damage (UNDP/Denver University). The direct conflict fatalities figure of 18,385 (ACLED) represents a significant increase in violence compared to 2020. The battle for Marib was the most significant military development of the year. The civilian casualty figure is based on CIMP's 2020 figure for killed civilians as a proxy, as the 2021 CIMP report only provided a total *casualty* (killed and injured) figure of 2,508.","1. UN Secretary-General's Annual Report on Children and Armed Conflict 2021.
2. Civilian Impact Monitoring Project (CIMP) 2020 Annual Report (for proxy figure).
3. Civilian Impact Monitoring Project (CIMP) 2021 Annual Report (for total casualty figure).
4. ACLED 2021: The Year in Review.
5. WHO, ""Eight years of prolonged conflict in Yemen leave over 20 million people in need of urgent health assistance"" (General statement on non-functioning facilities).
6. The Marib front in Yemen's Civil War, IISS, 2021.
7. Yemen Control Map & Report: Houthis Approach Marib, PolGeoNow, 2021.
8. IOM DTM Yemen — Annual Rapid Displacement Tracking Report (2021).
9. UNHCR Yemen 2021 Year-End Report (for hosted refugees).
10. UNHCR Global Trends Report 2021 (General statement on global displacement).
11. IOM Yemen DTM Flow Monitoring Registry (FMR) 2021 Annual Report (for migrant returns).
12. UNICEF Yemen Education page (General statement on damaged schools).
13. UNICEF, ""New UNICEF report highlights scale and impact of attacks on water and sanitation"" (General statement on water infrastructure attacks).
14. UNDP/Denver University, ""Assessing the impact of war in Yemen: Pathways for recovery"" (for total death toll projection).",
2022,2022,"1,938 - ACLED 2022 Year in Review [1]",300 civilians - Civilian Impact Monitoring Project (CIMP) 2022 Annual Report [2],"1,638 combatants (calculated) - ACLED 2022 Year in Review [1] and CIMP 2022 Annual Report [2]","251 children killed - UN CAAC (Report of the Secretary-General on children and armed conflict, S/2022/493) [3]","60,810 new IDPs - IOM DTM Yemen Rapid Displacement Tracking (RDT) 2022 Annual Report [4]","4,795,983 total IDPs - UNHCR (Country - Yemen Operational Data Portal, end of 2022) [5]","1,596,705 returnees - UNHCR (Country - Yemen Operational Data Portal, end of 2022) [5]","77,458 refugees - Macrotrends (citing UNHCR data for 2022) [6]","18 facilities - UN CAAC (Report of the Secretary-General on children and armed conflict, S/2022/493) [3]","18 schools - UN CAAC (Report of the Secretary-General on children and armed conflict, S/2022/493) [3]",N/A - No specific number for conflict-related damage found. (See Notes for flood-related damage context).,"A UN-brokered, country-wide truce was announced on April 2, 2022, and was extended twice before officially lapsing in October 2022. The truce significantly reduced hostilities, but fighting continued in key areas, particularly in Marib and Taiz. [1] [7]","The Southern Transitional Council (STC) and its allies launched an offensive in August 2022, gaining significant control in southern areas, particularly in Abyan and Shabwah provinces, marking a major shift in power dynamics outside of Houthi-controlled territory. [1]","Medium/High. The data is sourced from highly credible, specialized organizations (ACLED, CIMP, IOM, UNHCR, UN CAAC). However, casualty and infrastructure damage figures are likely conservative, reflecting only verified incidents, especially combatant figures (calculated) and the UN CAAC figures for schools and hospitals. Displacement data from IOM DTM and UNHCR is considered the most reliable available.","The year 2022 was marked by a significant, though temporary, de-escalation due to the UN-brokered truce. While the truce reduced overall fatalities, the humanitarian crisis remained severe. The figures for damaged infrastructure (schools, health facilities) from the UN CAAC report likely represent only verified attacks on facilities used by children, not the total number of damaged facilities across the country. Furthermore, heavy seasonal flooding in 2022 affected over 73,000 families and caused widespread damage to shelters, livelihoods, and water sources, which is not captured in the conflict-related infrastructure damage figures. [8] [9] Yemen remains primarily a host country for refugees (over 60,000) rather than a source of large-scale refugee outflows. [5]","1. ACLED. ""ACLED 2022 Year in Review."" Published January 2023.
2. Civilian Impact Monitoring Project (CIMP). ""CIMP Annual Report 2022."" Published 2023.
3. UN Office of the Special Representative of the Secretary-General for Children and Armed Conflict (CAAC). ""Yemen."" Data based on Report of the Secretary-General on children and armed conflict (S/2022/493).
4. IOM DTM. ""DTM Yemen Rapid Displacement Tracking (RDT) 2022 Annual Report."" Published January 2023.
5. UNHCR. ""Country - Yemen."" Operational Data Portal, end of 2022 figures.
6. Macrotrends. ""Yemen Refugee Statistics."" Citing UNHCR data for 2022.
7. UN News. ""Yemen: 'Light at the end of the tunnel' as first nationwide truce holds."" Published April 14, 2022.
8. UNICEF. ""More than 11,000 children killed or injured in Yemen."" Press Release, December 12, 2022.
9. UN OCHA. ""Yemen: Flood Snapshot (as of 30 September 2022)."" Published October 10, 2022.",
2023,2023,"~3,000 fatalities (Estimate from ACLED graph) - ACLED, Yemen Situation Update: December 2023 [1]",502 civilians - Civilian Impact Monitoring Project (CIMP) Annual Report 2023 [3],"~2,500 combatants (Inferred: 3,000 total - 502 civilian) - ACLED, Yemen Situation Update: December 2023 [1]","62 children - UN Secretary-General Annual Report on Children and Armed Conflict (S/2025/247, covering 2023) [2]","59,748 new IDPs (individuals) - IOM DTM Annual Report on Displacement 2023 [4]","2,791,603 total IDPs (as of September 2023) - IOM DTM Yemen - National Displacement Profile 2023 [5]","1,878,906 returnees (cumulative as of September 2023) - IOM DTM Yemen - National Displacement Profile 2023 [5]","N/A. UNHCR data focuses on refugees hosted in Yemen (55,568 - Macrotrends/UNHCR 2023). The number of Yemeni refugees who fled Yemen is not explicitly tracked by major UN agencies.","46% of health facilities are non-functioning or partially functioning - WHO, Yemen Health Crisis Overview (February 2023) [6]","More than 2,400 schools have been damaged, destroyed or occupied (Cumulative figure) - UNICEF (March 2024 article referencing a cumulative figure) [7]",N/A. No specific number for water systems damaged in 2023 was found. General statements about damage due to conflict and Cyclone Tej were noted.,Further decline in political violence due to an 'unofficial ceasefire' and peace talks. Significant escalation in the Red Sea with Houthi attacks on commercial ships (34 attacks in 2023). Increased activity by al-Qaeda in the Arabian Peninsula (AQAP) by 22%.,No major territorial control changes reported. The informal ceasefire led to a reduction in military operations.,"Medium. Casualty data is based on estimates and monitoring projects (ACLED, CIMP), which are highly reliable but may not capture all incidents. Displacement data from IOM DTM is robust but cumulative figures are as of September 2023. Infrastructure data is largely based on cumulative figures or percentages of non-functional facilities rather than a direct 2023 count of damaged sites.","The year 2023 saw a significant de-escalation in the conflict, with the lowest annual casualty count recorded by CIMP since 2018. The de-escalation was driven by an unofficial ceasefire and peace talks between the Houthis and Saudi Arabia. However, the year ended with a major escalation in the Red Sea, with Houthi attacks on commercial shipping, which effectively halted the peace process. Civilian casualties from explosive remnants of war (ERW) remained a significant threat. Infrastructure damage figures are mostly cumulative or represent the percentage of non-functional facilities due to the protracted nature of the conflict. The number of Yemeni refugees who fled Yemen is not tracked by UNHCR, which focuses on refugees hosted in Yemen.","1. ACLED (Armed Conflict Location & Event Data Project), ""Yemen Situation Update: December 2023"" (Published 19 January 2024). URL: https://acleddata.com/update/yemen-situation-update-december-2023
2. UN Secretary-General Annual Report on Children and Armed Conflict (S/2025/247, covering 2023). URL: https://childrenandarmedconflict.un.org/wp-content/uploads/2025/06/Secretary-General-Annual-Report-on-Children-and-Armed-Conflict-Covering-2024.pdf
3. Civilian Impact Monitoring Project (CIMP) Annual Report 2023. URL: https://civilianimpactmonitoring.org/onewebmedia/CIMP%20Annual%20Report%202023.pdf
4. IOM DTM Annual Report on Displacement 2023 (Snippet from search).
5. IOM DTM Yemen - National Displacement Profile 2023 (Snippet from PDF).
6. WHO, Yemen Health Crisis Overview (February 2023). URL: https://www.emro.who.int/images/stories/yemen/yemen-health-crisis-overviewpdf.pdf
7. UNICEF USA, ""Helping Out-of-School Children Learn in Yemen"" (March 19, 2024). URL: https://www.unicefusa.org/stories/helping-out-school-children-learn-yemen",
2024,2024,N/A - A comprehensive figure for total fatalities (civilian and combatant) for 2024 is not publicly available from verified sources. The Civilian Impact Monitoring Project (CIMP) recorded 337 civilian fatalities. [1],337 fatalities - Civilian Impact Monitoring Project 2024 Annual Report [1],"N/A - Comprehensive 2024 combatant fatality data is not publicly available from verified sources like ACLED. The Civilian Impact Monitoring Project (CIMP) focuses on civilian casualties, not combatants. [4]",44 children killed - Civilian Impact Monitoring Project 2024 Annual Report [1],"21,894 Individuals - IOM DTM, tracked from 1 January to 28 December 2024 [2]","4.8 million total - UNHCR, by the end of 2024 [3]","N/A - A comprehensive annual figure for IDPs who returned home in 2024 is not publicly available. IOM DTM tracks returnees, but the full 2024 annual report was inaccessible, and available snippets only provided monthly or cumulative figures that include pre-2024 returns. [4]","Over 50,000 refugees and asylum-seekers - UNHCR, by the end of 2024 [3]","N/A - Specific number of health facilities newly damaged or destroyed in 2024 is not available. WHO reports that 46% of health facilities were either partially operational or completely nonfunctional as of 2024, a cumulative figure from the conflict. [5]","N/A - Specific number of schools newly damaged or destroyed in 2024 is not available. UNICEF reports a cumulative figure of 2,916 schools damaged, destroyed, or used for non-educational purposes since the conflict began. [8]","N/A - Specific number of water systems newly damaged or destroyed in 2024 is not available. UNICEF reports that poor Water, Sanitation, and Hygiene (WASH) conditions will affect 17.4 million people, but does not provide a 2024 damage count. [4]","Escalation of the Red Sea Crisis, with US and UK forces launching air and missile strikes against Houthi targets in Yemen from January 2024 in response to Houthi attacks on commercial shipping. Resumption of airstrikes on Hudaydah and Sana'a. Continued adherence to the unofficial truce on most internal frontlines. [6] [7]","Frontlines remained largely static due to the unofficial truce. However, the Southern Transitional Council (STC) and its allies continued to expand their influence and control in parts of Southern Yemen, particularly in oil-rich territories. [7]","Medium to High - Civilian casualty and displacement data from CIMP, IOM, and UNHCR are considered high quality, but a comprehensive figure for total fatalities and combatant fatalities for 2024 is not publicly available, leading to gaps in the overall assessment. Infrastructure damage figures are largely cumulative from previous years, not specific to 2024.","The year 2024 in Yemen was characterized by a relative de-escalation of internal conflict along major frontlines, largely due to the persisting unofficial truce. However, this calm was offset by the significant escalation of the Red Sea Crisis, which saw the Houthis launch attacks on international shipping and face retaliatory strikes from a US/UK-led coalition. This external conflict brought renewed airstrikes to Houthi-controlled areas like Hudaydah and Sana'a, contributing to the civilian casualty count. The Civilian Impact Monitoring Project (CIMP) noted a 25% decrease in overall civilian casualties compared to 2023, marking the lowest on CIMP records, but also highlighted a significant proportion of casualties resulting from the resumed airstrikes and explosive remnants of war (ERW). Displacement continued, albeit at a lower rate of new displacements, while the total cumulative IDP population remained critically high. [1] [6]","1. Civilian Impact Monitoring Project (CIMP). *Civilian Impact Monitoring Project 2024 Annual Report (1 January - 31 December 2024)*. ReliefWeb. [URL: https://reliefweb.int/report/yemen/civilian-impact-monitoring-project-2024-annual-report-1-january-31-december-2024]
2. IOM Displacement Tracking Matrix (DTM). *Rapid Displacement Tracking - Yemen IDP Dashboard (Reporting Period: 22 - 28 December 2024)*. ReliefWeb. [URL: https://reliefweb.int/report/yemen/rapid-displacement-tracking-yemen-idp-dashboard-reporting-period-22-28-december-2024]
3. UNHCR. *Yemen*. UNHCR US. [URL: https://www.unhcr.org/us/where-we-work/countries/yemen]
4. ACLED. *Conflict Watchlist 2024 | Yemen and the Red Sea*. [URL: https://acleddata.com/report/conflict-watchlist-2024-yemen-and-red-sea-rising-tensions-threaten-peace-process-and]
5. WHO. *Yemen conflict enters 10th year with over 17 million people in need of health aid*. [URL: https://www.emro.who.int/eha/news/yemen-conflict-enters-10th-year-with-over-17-million-people-in-need-of-health-aid.html]
6. Wikipedia. *Red Sea crisis*. [URL: https://en.wikipedia.org/wiki/Red_Sea_crisis]
7. Arab Center Washington DC. *Yemen Caught Between Domestic Fragmentation and Regional Tensions*. [URL: https://arabcenterdc.org/resource/yemen-caught-between-domestic-fragmentation-and-regional-tensions/]
8. UNICEF. *Education | UNICEF Yemen*. [URL: https://www.unicef.org/yemen/education]",
2025,2025,"N/A - No single, verified cumulative figure for total conflict fatalities in 2025 was found. The most specific data available is for civilian casualties (see civilian_fatalities field).","Over 880 civilian casualties (killed and injured) reported so far in 2025 - UNGA 80 / ReliefWeb, Sep 22, 2025","N/A - No specific, verified figure for combatant fatalities in 2025 was found. ACLED data is often restricted or provided in non-cumulative monthly overviews.","N/A - No specific, verified figure for child deaths in 2025 was found. UNICEF reports often cite the cumulative figure of over 11,000 children killed or maimed since the start of the conflict (UNICEF, Dec 2022).","21,468 individuals (3,578 households) displaced at least once from 1 January to 6 December 2025 - IOM DTM, Dec 2025","Approximately 4,800,000 total internally displaced persons (IDPs) - UNHCR/UN OCHA, early 2025","N/A - No specific, verified cumulative figure for IDP returnees in 2025 was found. UNHCR's early 2025 assessment mentioned 7.4% of assessed households were IDP returnees, but this is not a national cumulative figure.","More than 61,000 refugees and asylum-seekers hosted by Yemen - UNHCR, early 2025","N/A - No specific, verified figure for health facilities damaged or destroyed in 2025 was found. Reports state that nearly half of Yemen's healthcare institutions have been partially or totally inoperable since 2015 (WHO/UNFPA, 2025 reports).","N/A - No specific, verified figure for schools damaged or destroyed in 2025 was found. UNICEF reports often cite the cumulative figure of nearly 2,800 schools damaged or destroyed since the start of the conflict (UNICEF, Nov 2025).","N/A - No specific, verified figure for water systems damaged in 2025 was found. Reports indicate that 17.4 million people lack access to safe water, sanitation and hygiene services (UNICEF, Dec 2024).","**Houthi-Israel/Red Sea Escalation:** Exchange of long-range attacks intensified in September to the highest recorded level, with Israeli strikes targeting civilian sites in retaliation for Houthi attacks on Israel (ACLED, Oct 2025). **Southern Yemen Offensive:** The Southern Transitional Council (STC) launched a military offensive across southern Yemen in December, beginning in the Hadhramaut Governorate (Reuters/Wikipedia, Dec 2025).","The Southern Transitional Council (STC), backed by the UAE, claimed control over swathes of territory in southern Yemen in December 2025, including key coastal areas, marking a major shift in power and control (Reuters/ABC News, Dec 2025).","Medium - Data is sourced from highly reliable organizations (UNHCR, IOM DTM, ACLED, UN OCHA), but most figures for 2025 are either cumulative from the start of the year to a recent date (e.g., early December) or are projections (e.g., total IDPs), not final, fully verified annual totals. Casualty data is particularly fragmented.","The year 2025 saw a significant escalation in the conflict's regional dimension, driven by the Houthi-Israel exchange of attacks, particularly in September and October. Domestically, the year concluded with a major power shift in the south as the STC launched an offensive. The humanitarian crisis deepened, with an estimated 19.5 million people requiring assistance, an increase from the previous year (UN OCHA, Jan 2025). The lack of final, consolidated annual data for casualties and infrastructure damage is typical for an ongoing conflict with the year not yet concluded.",,
