Subject,Stakeholder Name,Stakeholder Type,Total Contributions,Military Role,Economic Interests,Diplomatic Initiatives,Major Projects,Business Sectors,Impact Assessment,Key Relationships,Timeline of Actions,Data Quality,Notes,Complete Sources List,Error
"UAE (United Arab Emirates) - Aid contributions, military role, economic interests, ports, diplomatic initiatives, Houthi negotiations",United Arab Emirates,regional_actor,"$6.6 Billion total - The UAE has provided over **$6.6 billion** in aid and assistance to Yemen between April 2015 and February 2023 [1] [10].

*   **2015-2020:** Over **AED 22 billion** (approximately **$6 billion**) [1].
*   **2015-2021:** Nearly **AED 23 billion** (approximately **$6.25 billion**) [2].
*   **2023:** Pledged a **$300 million deposit** to bolster the Central Bank of Yemen and continued humanitarian aid [10].
*   **2025:** Announced a **$1 billion investment** package for the electricity sector [16].

The majority of the aid has been channeled towards humanitarian assistance, development projects, and support for general programs [2]. A precise year-by-year breakdown in USD is not consistently available across all years from a single source, but the total is well-documented [1] [2].","The UAE played a **critical and distinct military role** in the Yemen conflict as a key member of the Saudi-led Coalition to Restore Legitimacy in Yemen from March 2015 until its major troop drawdown in 2019 [4].

*   **Coalition Membership:** Joined the coalition in March 2015, contributing air and ground forces.
*   **Troop Deployment:** At its peak, the UAE deployed an estimated **3,500 ground troops** and provided significant air and naval support [4].
*   **Primary Focus:** Unlike Saudi Arabia, which focused on the northern front, the UAE concentrated its efforts on the **southern and coastal regions** [4]. Its main objectives were:
    1.  **Counter-Terrorism:** Successfully leading operations against Al-Qaeda in the Arabian Peninsula (AQAP) and ISIS, notably the 2016 liberation of Mukalla [4].
    2.  **Maritime Security:** Securing the Bab al-Mandab Strait and the Gulf of Aden, including the establishment of a presence on strategic islands like **Mayun (Perim) Island** and **Socotra** [3] [18].
    3.  **Proxy Forces:** The UAE was instrumental in creating, training, funding, and equipping local proxy forces, most notably the **Security Belt Forces** and the **Hadrami Elite Forces**, which form the military wing of the **Southern Transitional Council (STC)** [5].
*   **Drawdown:** The UAE announced a major **troop drawdown in July 2019**, shifting from a direct military role to a ""smart power"" approach focused on its local proxy forces and political influence [5].
*   **Post-Drawdown:** Despite the withdrawal of most direct forces, the UAE maintains a significant military and security footprint through its continued support for the STC, which has recently seized control of all eight southern governorates, including key coastal areas [6]. The UAE was also targeted by Houthi missile and drone attacks in January 2022, confirming its continued, albeit indirect, involvement [13].","The UAE's economic interests in Yemen are primarily strategic, focusing on securing vital maritime trade routes and controlling key ports along the Gulf of Aden and the Red Sea [3].

*   **Ports and Maritime Control:** The UAE has sought to establish a sphere of influence over critical Yemeni ports, including **Aden, Mukalla, and Balhaf**, as part of a broader strategy to control the Bab al-Mandab Strait and the Red Sea [3]. This is linked to the global operations of UAE-based logistics companies like **DP World**, which previously managed the Port of Aden until 2012 [14].
*   **Strategic Infrastructure:** The UAE has invested in the rehabilitation of infrastructure in southern Yemen, including airports and ports, to facilitate both humanitarian aid and its long-term economic and security presence [15].
*   **Oil and Gas:** The UAE-backed Southern Transitional Council (STC) has recently expanded its control over oil-rich regions, such as parts of **Hadhramaut** and **Shabwah**, giving the UAE and its allies significant leverage over Yemen's primary economic resources [6]. This control is a key economic interest, as it impacts the flow of oil revenues and the stability of the southern economy.
*   **New Investment:** In late 2025, the UAE announced a **$1 billion package** to rebuild Yemen's electricity sector, to be implemented by its company **Global South Utilities (GSU)**. This investment signals a renewed focus on long-term economic engagement and infrastructure development [16].","The UAE's diplomatic efforts have primarily focused on supporting a political solution aligned with its strategic interests, particularly in southern Yemen, and have evolved from direct military involvement to a more politically and economically focused approach [7].

*   **2019 (July-September):** Following its troop drawdown, the UAE shifted its focus to political influence, supporting the **Riyadh Agreement** (November 2019) between the internationally recognized government of Yemen (IRG) and the UAE-backed Southern Transitional Council (STC) [8]. The agreement aimed to integrate STC forces into the IRG's security apparatus and establish a power-sharing government.
*   **2022 (April):** The UAE supported the formation of the **Presidential Leadership Council (PLC)**, which replaced President Abdrabbuh Mansur Hadi. The STC's leader, Aidarous al-Zubaidi, was appointed as a deputy, formalizing the UAE's influence within the new governing structure [9].
*   **2023 (February):** The UAE participated in the international donor conference on Yemen, affirming that 2023 should be the year for peace and committing to continued humanitarian and development support [10].
*   **Ongoing:** The UAE has consistently commended the peace efforts led by **Saudi Arabia and Oman**, positioning itself as a supporter of regional diplomatic initiatives aimed at a comprehensive political resolution [11]. The UAE's official position is that the governance and territorial integrity of Yemen must be determined by the Yemeni parties themselves [12].
*   **Houthi Negotiations:** While the UAE has not been the primary direct negotiator with the Houthis, its strategic shift and withdrawal of direct military forces in 2019 were seen as a move to de-escalate its direct conflict with the group, especially after Houthi attacks on the UAE in January 2022 [13]. Its diplomatic actions are coordinated with the broader Saudi-led effort, which has engaged in direct and indirect talks with the Houthis.","The UAE has focused its major projects on humanitarian relief, infrastructure rehabilitation, and, more recently, large-scale energy investment in the south [15].

| Project/Program | Sector | Funding/Scale | Dates | Source |
| :--- | :--- | :--- | :--- | :--- |
| **Electricity Sector Rebuild** | Energy/Infrastructure | $1 Billion (Investment) | Announced Nov 2025 | [16] |
| **Port and Airport Rehabilitation** | Infrastructure | Part of general aid/development funds | 2015-Present | [15] |
| **Water Projects (Red Sea Coast)** | Water/Sanitation | 32 projects, benefiting ~600,000 people | 2020 | [20] |
| **Emirates Red Crescent (ERC) Operations** | Humanitarian | Major component of total aid (e.g., food, medical aid) | 2015-Present | [1] |
| **School and Hospital Rehabilitation** | Social Services | Part of general aid/development funds | 2015-Present | [15] |
| **COVID-19 Response** | Health | 6 medical aid planes, 60,000 vaccine doses | 2020-2021 | [2] |
| **UN Humanitarian Response Plan** | Humanitarian | $1.2 billion provided through UN and international organizations | 2015-2021 | [2] |

The UAE's assistance has been channeled through the Emirates Red Crescent (ERC), the Khalifa bin Zayed Al Nahyan Foundation, and in coordination with the UN and other international organizations [1].",N/A (Not a company),"The UAE's intervention has had a complex and dual impact on Yemen's economy and conflict dynamics [17].

*   **Positive Impacts:**
    *   **Humanitarian Relief:** The UAE has been a major donor, providing over $6.6 billion in aid, which has been critical for humanitarian relief, health, and infrastructure rehabilitation in areas under its influence, particularly in the south [1] [10].
    *   **Counter-Terrorism:** UAE-backed forces were highly effective in pushing back Al-Qaeda in the Arabian Peninsula (AQAP) from key southern cities like Mukalla in 2016, which stabilized local economies in those areas [4].
    *   **Local Governance:** Support for the STC has led to the establishment of a relatively stable, albeit separatist, administration in southern governorates, which has provided a degree of security and local service delivery in contrast to the chaos in other parts of the country [6].

*   **Negative Impacts/Controversies:**
    *   **Fragmentation and Conflict:** The UAE's support for the separatist STC has deepened the political fragmentation of Yemen, creating a ""state within a state"" in the south and leading to internal clashes with the internationally recognized government's forces, which has prolonged the conflict [5] [6].
    *   **Economic Exploitation Allegations:** Critics allege that the UAE's focus on ports and strategic islands (like Socotra and Mayun) is driven by a long-term strategy of economic and military control, potentially undermining Yemen's sovereignty and future economic recovery [3] [18].
    *   **Human Rights Concerns:** UAE-backed forces have faced allegations of human rights abuses, including operating secret prisons and engaging in arbitrary detentions, which has negatively impacted stability and trust in local security forces [19].
    *   **Effectiveness:** While effective in localized counter-terrorism, the broader military intervention failed to achieve the primary goal of restoring the internationally recognized government to Sana'a, leading to a protracted stalemate [4].","The UAE's relationships in Yemen are characterized by a complex network of alliances and tensions, reflecting its evolving strategic goals [5].

*   **Saudi Arabia (Alliance/Tension):** The UAE was a key member of the Saudi-led Coalition to Restore Legitimacy in Yemen (2015-2019). However, the relationship has been strained by the UAE's support for the separatist STC, which has clashed with Saudi-backed forces of the internationally recognized government. While officially aligned on the political process, their proxy forces in the south have often been in direct conflict [5].
*   **Southern Transitional Council (STC) (Primary Ally):** The STC is the UAE's most significant ally in Yemen. The UAE provided extensive training, funding, and equipment to STC-affiliated forces (e.g., Security Belt Forces, Hadrami Elite Forces), enabling them to control key southern territories and infrastructure [6].
*   **Internationally Recognized Government (IRG) (Complex/Antagonistic):** The relationship is highly complex. The UAE is technically part of the coalition supporting the IRG, but its backing of the STC has directly undermined the IRG's authority and territorial control, leading to open military conflict between the two sides in 2019 [5]. The formation of the PLC in 2022 partially integrated the STC into the IRG structure, easing tensions but not resolving the underlying conflict of interest [9].
*   **Houthi Movement (Adversary/De-escalation):** The Houthis are the primary adversary. The UAE was a target of Houthi missile and drone attacks in January 2022. Following its 2019 troop drawdown, the UAE has sought to de-escalate its direct military confrontation with the Houthis, focusing its efforts on securing the south and maritime routes [13].","The UAE's involvement in Yemen can be divided into three phases: direct military intervention (2015-2019), strategic drawdown and proxy influence (2019-2022), and focused economic/political engagement (2022-2025) [4] [5].

| Date | Event/Action | Source |
| :--- | :--- | :--- |
| **Mar 2015** | UAE joins the Saudi-led Coalition to Restore Legitimacy in Yemen, beginning its direct military intervention [4]. | [4] |
| **Apr 2015** | UAE begins providing significant humanitarian and development aid to Yemen [1]. | [1] |
| **Apr 2016** | UAE-backed forces (Hadrami Elite Forces) successfully liberate the port city of Mukalla from Al-Qaeda in the Arabian Peninsula (AQAP) [4]. | [4] |
| **Jan 2018** | UAE-backed Southern Transitional Council (STC) forces seize control of Aden, the interim capital, from the internationally recognized government (IRG) [8]. | [8] |
| **Apr 2018** | UAE forces reportedly occupy the strategic island of Socotra, leading to diplomatic tensions with the IRG [18]. | [18] |
| **Jul 2019** | UAE announces a major troop drawdown, shifting from a direct military role to a ""smart power"" strategy of supporting local forces [5]. | [5] |
| **Aug 2019** | STC forces clash with and seize control of IRG military bases in Aden, confirming the UAE's continued influence via its proxies [5]. | [5] |
| **Nov 2019** | The Saudi-brokered Riyadh Agreement is signed between the IRG and the STC, formalizing the STC's political role [8]. | [8] |
| **Jan 2022** | Houthi forces launch missile and drone attacks on Abu Dhabi, bringing the conflict directly to the UAE homeland [13]. | [13] |
| **Apr 2022** | The Presidential Leadership Council (PLC) is formed, with STC leader Aidarous al-Zubaidi appointed as a deputy, formalizing the STC's role in the new government structure [9]. | [9] |
| **Nov 2025** | UAE announces a $1 billion package for the reconstruction of Yemen's electricity sector [16]. | [16] |
| **Dec 2025** | UAE-backed STC forces expand control across all eight southern governorates, including key coastal areas [6]. | [6] |","Medium. Data on aid contributions is high-quality, primarily sourced from official UAE government reports (WAM, MoFAIC) [1] [2]. Information on military and economic interests is medium-quality, relying on a synthesis of reports from reputable think tanks (Carnegie, AGSI) and major news agencies (Reuters, AP, Guardian) [3] [4] [5]. The complexity of the conflict and the nature of the UAE's indirect involvement (via the STC) mean that some details, particularly on military operations and specific financial flows to proxy groups, are based on expert analysis and journalistic investigation rather than official, transparent records [6]. Diplomatic information is drawn from official statements and news reports [7].","The UAE's involvement in Yemen is a prime example of its evolving foreign policy, characterized by a shift from direct military intervention to a strategy of indirect influence through local proxies and economic leverage. The dual nature of its role—providing massive humanitarian aid while simultaneously supporting a separatist movement (STC) that has clashed with the internationally recognized government—is the central complexity of its profile. The recent $1 billion energy investment (late 2025) suggests a long-term commitment to securing its economic and strategic interests in the south, independent of the broader conflict resolution process [16]. The lack of a detailed, year-by-year breakdown of the total aid from a single source necessitates a synthesized figure.","1. UAE Ministry of Foreign Affairs and International Cooperation (MoFAIC). ""AED22 bn in assistance provided by UAE to Yemen from April 2015 through February 2020."" *ReliefWeb*. [https://reliefweb.int/report/yemen/aed22-bn-assistance-provided-uae-yemen-april-2015-through-2020]
2. Emirates News Agency (WAM). ""UAE provided AED23b in aid to Yemen from 2015 through 2021."" *WAM*. [https://www.wam.ae/en/article/hszre1ci-uae-provided-aed23b-aid-yemen-from-2015-through]
3. Al-Batati, Saeed. ""Emirati and Saudi Maritime Interests in the Yemen Conflict."" *Carnegie Endowment for International Peace*. March 16, 2023. [https://carnegieendowment.org/research/2023/03/seas-checks-and-guns-emirati-and-saudi-maritime-interests-in-the-yemen-conflict?lang=en]
4. Gause, F. Gregory III. ""Lessons from the UAE War in Yemen."" *The Washington Institute*. August 18, 2019. [https://www.washingtoninstitute.org/policy-analysis/lessons-uae-war-yemen]
5. Al-Dawsari, Nadwa. ""The UAE's Three Strategic Interests in Yemen."" *Arab Gulf States Institute in Washington (AGSIW)*. [https://agsi.org/analysis/the-uaes-three-strategic-interests-in-yemen/]
6. Al-Batati, Saeed. ""UAE-backed separatists tighten grip over southern Yemen."" *Associated Press (AP)*. December 8, 2025. [https://apnews.com/article/yemen-civil-war-saudi-arabia-uae-d29e9a9d3cb60c8c1b009bfcbe1c28c0]
7. Reuters. ""Separatists claim broad control of southern Yemen."" *Reuters*. December 8, 2025. [https://www.reuters.com/world/middle-east/separatists-claim-broad-control-southern-yemen-2025-12-08/]
8. Al-Dawsari, Nadwa. ""Yemen: The Riyadh Agreement and the Future of the South."" *Middle East Institute (MEI)*. November 13, 2019. [https://www.mei.edu/publications/yemen-riyadh-agreement-and-future-south]
9. International Crisis Group. ""Yemen's Presidential Leadership Council: How to Make It Work."" *Crisis Group Middle East Briefing N°84*. May 10, 2022. [https://www.crisisgroup.org/middle-east-north-africa/gulf-and-arabian-peninsula/yemen/b84-yemens-presidential-leadership-council-how-make-it-work]
10. UAE Ministry of Foreign Affairs (MoFA). ""UAE participates in international donor conference on Yemen."" *MoFA*. February 27, 2023. [https://www.mofa.gov.ae/en/mediahub/news/2023/2/27/27-02-2023-uae]
11. Gulf Magazine. ""UAE commends Saudi Arabia and Oman peace efforts in Yemen."" *Gulf Magazine*. September 19, 2025. [https://gulfmagazine.co/uae-commends-saudi-arabia-and-oman-peace-efforts-i/]
12. Newsweek. ""A southern uprising puts two US partners on collision course in Middle East."" *Newsweek*. December 9, 2025. [https://www.newsweek.com/southern-uprising-two-us-partners-collision-course-in-middle-east-11176102]
13. Washington Institute. ""Houthi Strikes on UAE Open Another Front in Yemen War."" *The Washington Institute*. January 18, 2022. [https://www.washingtoninstitute.org/policy-analysis/houthi-strikes-uae-open-another-front-yemen-war]
14. Al-Tamimi, AAA, and U Venkatesha. ""The Legitimacy of Military Intervention in Yemen and Its Impacts."" *Beirut Journal of Law and Policy*. 2023. [https://heinonline.org/hol-cgi-bin/get_pdf.cgi?handle=hein.journals/beijlar12&section=35]
15. UAE Ministry of Foreign Affairs (MoFA). ""AED22 bn in assistance provided by UAE to Yemen from April 2015 through February 2020."" *MoFA*. February 10, 2020. [https://www.mofa.gov.ae/en/mediahub/news/2020/2/10/10-02-2020-uae-yemen]
16. Reuters. ""Abu Dhabi's GSU to launch $1 billion energy projects in Yemen."" *Reuters*. November 26, 2025. [https://www.reuters.com/business/energy/abu-dhabis-gsu-launch-1-billion-energy-projects-yemen-2025-11-26/]
17. Brookings Institution. ""External intervention and damages to human security in Yemen."" *Brookings*. March 26, 2025. [https://www.brookings.edu/articles/external-intervention-and-damages-to-human-security-in-yemen/]
18. The Guardian. ""Seizure of South Yemen by UAE-backed forces could lead to independence claim."" *The Guardian*. December 8, 2025. [https://www.theguardian.com/world/2025/dec/08/seizure-south-yemen-uae-backed-forces-could-lead-independence-claim]
19. Human Rights Watch (HRW). ""Yemen: UAE-Backed Forces Torture, Abuse."" *HRW*. June 22, 2017. [https://www.hrw.org/news/2017/06/22/yemen-uae-backed-forces-torture-abuse]
20. ReliefWeb. ""UAE launched 32 drinking water projects in Yemen's Red Sea coast."" *ReliefWeb*. July 6, 2020. [https://reliefweb.int/report/yemen/uae-launched-32-drinking-water-projects-yemen-s-red-sea-coast]",
"Oman - Mediation role, trade relations, neutrality stance, diplomatic initiatives, economic ties with Yemen",Sultanate of Oman,regional_actor,"The Omani government does not publicly disclose consolidated figures for its total aid and investment contributions to Yemen (2010-2025) [10] [11]. Contributions are primarily humanitarian and bilateral, including medical assistance, food, financial support, and scholarships, with a focus on Al-Mahra [11]. Due to the lack of official data, a total USD amount cannot be verified. The nature of the aid is: Humanitarian, Development (localized projects), and Budget Support (unspecified financial aid) [11].","Oman has maintained a strict policy of **military non-interference** in the Yemen conflict and is the only Gulf Cooperation Council (GCC) member that did not join the Saudi-led Coalition in 2015 [3].
*   **Non-Involvement**: Oman has not deployed troops or military equipment to Yemen [3].
*   **Alleged Smuggling Corridor**: Multiple reports from intelligence sources and news agencies allege that Oman has allowed its territory, particularly the border with Al-Mahra, to be used as a **smuggling corridor** for weapons, spare parts (e.g., drone components), and other supplies destined for the Houthi movement [4] [5]. Oman has consistently denied these allegations [5].
*   **Border Security**: Since 2013, Oman has been constructing a security wall along its border with Yemen to secure its territory and prevent instability from spilling over [13]. This is a defensive measure to protect its national security interests [6].","Oman's primary economic interest in Yemen is the maintenance of border stability and the protection of its long-term trade and infrastructure interests, particularly in the adjacent Al-Mahra governorate [1] [13].
*   **Trade and Border Crossings**: Oman shares a nearly 300km border with Al-Mahra, which includes the official border crossings of Sarfayt and Shahn, vital for bilateral trade and the movement of goods [13].
*   **Strategic Buffer Zone**: Al-Mahra historically functions as a strategic buffer zone, and Oman has a vested interest in preventing its destabilization, which could threaten Omani infrastructure and foreign direct investment [6].
*   **Infrastructure**: Oman has commissioned a feasibility study for a power grid interconnection with Yemen, aiming to boost regional energy security and connectivity [15].
*   **Security Infrastructure**: Since 2013, Oman has strengthened its border security by constructing a security wall along its border with Yemen to prevent instability from spilling over [13].","1. **March 2015**: Oman declines to join the Saudi-led Coalition, asserting a policy of military non-interference and neutrality [3].
2. **May 2015**: Oman hosts the first direct, albeit unsuccessful, peace talks between US diplomats and Houthi representatives [1].
3. **2015-Present**: Oman maintains an open channel of communication with all parties, including hosting a permanent Houthi delegation office in Muscat [12].
4. **2016-2017**: Oman facilitates the release of foreign hostages (including Americans) held by the Houthis in Yemen [12].
5. **2021**: Oman encourages the Houthis to accept a Saudi-proposed ceasefire, underscoring the limits of Omani influence when the Houthis perceive a military advantage [1].
6. **April 2023**: Omani envoys visit Sana'a alongside Saudi officials to negotiate a permanent ceasefire deal with the Houthis [7].
7. **September 2023**: A delegation of Houthi officials and Omani mediators visits Saudi Arabia for a five-day round of negotiations, marking a significant step in direct talks [7].
8. **May 2025**: Oman mediates in the de-escalation of the Red Sea crisis [14].","Oman's major projects are primarily focused on humanitarian and localized development efforts, often with limited public disclosure:
1. **Humanitarian Support**: Ongoing provision of humanitarian assistance, including medical aid, food, and financial support, with a focus on the border regions and internally displaced persons [11].
2. **Scholarships**: Provision of scholarships for Yemeni students to study in Oman [11].
3. **Al-Ghaydah Sanitation Project**: A project set to kick off in 2014 in Al-Mahra's capital, Al-Ghaydah, funded through a grant, though the full scope and completion status are not publicly detailed [16].
4. **Power Grid Feasibility Study**: Commissioning of a feasibility study for a power grid interconnection between Oman and Yemen to boost energy security and regional connectivity [15].
5. **Medical Twinning Project**: A twinning project in 2022 delivered a critical care support course for 24 intensive care unit doctors in public hospitals in Yemen [17].","Oman is not a business conglomerate in the context of the Yemen conflict. However, bilateral trade with Yemen is significant, with Oman exporting $366 million in goods to Yemen in 2023, primarily including Wheat Flours ($56.4M), Palm Oil ($33.1M), and Baked Goods ($18.4M) [9]. The economic activity is concentrated around the border crossings of Sarfayt and Shahn in Al-Mahra governorate [13].","Oman's role has a dual impact on the Yemen conflict and economy:
*   **Positive Impact (Mediation and Humanitarian)**: Oman's consistent neutrality and role as a trusted mediator have been crucial in facilitating dialogue between the Houthis and the Saudi-led Coalition, the US, and the UN [1] [2]. This diplomatic channel is often the only viable one for de-escalation, prisoner exchanges, and ceasefire negotiations [7]. The provision of humanitarian aid, medical assistance, and scholarships has provided a vital lifeline, particularly in Al-Mahra [11].
*   **Negative Impact (Controversy)**: Oman's alleged tolerance of a smuggling corridor for weapons and other illicit goods to the Houthis has been cited as a factor prolonging the conflict and undermining the Coalition's efforts [4] [5]. This alleged activity has placed strain on Oman's neutrality and led to tensions with Saudi Arabia and the UAE, particularly over influence in Al-Mahra [6].
*   **Overall Assessment**: Oman's primary impact is as a **stabilizing diplomatic anchor** and a **critical humanitarian conduit**, whose actions are driven by national security concerns and a desire to maintain regional balance [1]. However, its porous border and alleged logistical role for the Houthis introduce a significant element of controversy that complicates its neutral image [4].","1. **Houthi Movement (Ansar Allah)**: Oman is a trusted intermediary and maintains the most consistent and direct channel of communication, hosting a permanent Houthi delegation in Muscat [1] [12]. This relationship is essential for mediation but is also the source of controversy due to allegations of facilitating arms smuggling [4].
2. **Saudi Arabia and UAE (Coalition)**: The relationship is complex and characterized by a delicate balancing act [1]. While the Coalition welcomes Oman's mediation efforts, there is underlying tension, particularly regarding the security and political influence in Al-Mahra, which the UAE-backed Southern Transitional Council (STC) has recently sought to control [6] [13].
3. **Iran**: Oman maintains amicable relations with Iran, which is a key factor in its ability to mediate, as it can communicate with both sides of the regional rivalry [1].
4. **United Nations/United States**: Oman is a key partner for the UN Special Envoy and the US in facilitating peace talks, prisoner exchanges, and securing the release of foreign hostages [2] [1]. Oman's capital, Muscat, is a frequent venue for these high-level, sensitive discussions [7].","1. **2013**: Oman begins construction of a security wall along its border with Yemen to prevent instability from spilling over [13].
2. **2014**: A grant-funded sanitation project in Al-Ghaydah, Al-Mahra, is set to begin [16].
3. **March 2015**: Oman declines to join the Saudi-led Coalition, formally adopting a policy of military non-interference [3].
4. **May 2015**: Oman hosts the first direct talks between US diplomats and Houthi representatives in Muscat [1].
5. **October 2016**: Reports emerge alleging that Iran is stepping up weapons supply to the Houthis via Oman's border [5].
6. **2017**: Oman facilitates the release of foreign hostages held by the Houthis [12].
7. **August 2022**: A Yemen-Oman twinning project is launched to enhance critical care for doctors in Yemen [17].
8. **April 2023**: Omani and Saudi envoys visit Sana'a for talks with Houthi officials on a permanent ceasefire [7].
9. **September 2023**: A Houthi delegation and Omani mediators visit Saudi Arabia for direct negotiations [7].
10. **March 2025**: Opinion pieces in Western media accuse Oman of supporting the Houthis by allowing a smuggling corridor [4] [12].
11. **May 2025**: Oman mediates in the de-escalation of the Red Sea crisis [14].","Medium. Official figures for total aid and investment are not publicly disclosed by the Omani government, leading to reliance on secondary sources, academic analysis, and news reports [10] [11]. Information regarding the alleged arms smuggling corridor is based on intelligence reports and unverified claims, which are officially denied by Oman [4] [5]. Data on diplomatic initiatives and the non-military role is well-documented by think tanks and news agencies [1] [2] [3].","Oman's policy is rooted in its long-standing tradition of neutrality and its national security interest in preventing the conflict from destabilizing the adjacent Al-Mahra governorate, with which it shares deep tribal and historical ties [1] [6]. The presence of a permanent Houthi office in Muscat, while controversial, is a testament to Oman's unique role as a trusted, non-aligned facilitator [12]. The lack of publicly available, consolidated figures for Omani aid is a notable challenge in quantifying its total contribution.","1. Cafiero, Giorgio. ""Oman’s Diplomatic Agenda in Yemen."" *Arab Center Washington DC*, June 30, 2021. [https://arabcenterdc.org/resource/omans-diplomatic-agenda-in-yemen/]
2. Security Outlines. ""Trust at the Crossroads: Oman in Yemen's Path to Peace."" *Security Outlines*, September 9, 2025. [https://securityoutlines.cz/trust-at-the-crossroads-oman-in-yemens-path-to-peace/]
3. Salisbury, Peter. ""The war next door: Omani foreign policy toward Yemen."" *Middle East Institute*, September 21, 2023. [https://mei.edu/publications/war-next-door-omani-foreign-policy-toward-yemen]
4. Frantzman, Seth J. ""Oman's hidden role in empowering Houthi rebels - opinion."" *The Jerusalem Post*, March 18, 2025. [https://www.jpost.com/opinion/article-846386]
5. Ghobari, Mohammed, and Jonathan Saul. ""Exclusive: Iran steps up weapons supply to Yemen's Houthis via Oman - officials."" *Reuters*, October 20, 2016. [https://www.reuters.com/article/world/exclusive-iran-steps-up-weapons-supply-to-yemens-houthis-via-oman-officials-idUSKCN12K0CX/]
6. Cafiero, Giorgio. ""Oman's Interests and Role in the Conflict in Yemen."" *Arab Center Washington DC*, March 14, 2023. [https://arabcenterdc.org/resource/omans-interests-and-role-in-the-conflict-in-yemen/]
7. Aljazeera. ""A timeline of Yemen's slide into conflict and war."" *Aljazeera*, April 11, 2023. [https://www.aljazeera.com/news/2023/4/11/a-timeline-of-yemens-slide-into-conflict-and-war]
8. Security Council Report. ""Yemen Chronology of Events."" *Security Council Report*, August 2, 2018. [https://www.securitycouncilreport.org/chronology/yemen.php]
9. The Observatory of Economic Complexity (OEC). ""Oman (OMN) and Yemen (YEM) Trade."" *OEC*. [https://oec.world/en/profile/bilateral-country/omn/partner/yem]
10. Elayah, M., and H. Al-Awami. ""Exploring the preference for bilateral aid: Gulf oil states' aid to Yemen."" *Third World Quarterly*, 2024. [https://www.tandfonline.com/doi/abs/10.1080/01436597.2024.2327451]
11. Baabood, Abdullah. ""Omani Perspectives on the peace process in Yemen."" *Berghof Foundation*, 2021. [https://berghof-foundation.org/files/publications/2021_OmaniPerspectivesPeaceProcessYemen_Baabood_EN.pdf]
12. FDD. ""Oman Is Supporting The Houthis: It Should Be Held To Account."" *Foundation for Defense of Democracies*, March 7, 2025. [https://www.fdd.org/analysis/op_eds/2025/03/07/oman-is-supporting-the-houthis-it-should-be-held-to-account/]
13. AVAPRESS. ""Changes in the equations in eastern Yemen; Al-Mahra fell into hands of UAE-backed forces without a conflict."" *AVAPRESS*, December 4, 2025. [https://www.avapress.net/en/news/339300/changes-in-the-equations-eastern-yemen-al-mahra-fell-_into-h_ands-of-uae-backed-forces-without-a-conflict]
14. Intelligence Online. ""Secret talks with Houthis to restart Red Sea submarine cables projects hit setbacks."" *Intelligence Online*, October 29, 2025. [https://www.intelligenceonline.com/middle-east-and-africa/2025/10/29/secret-talks-with-houthis-to-restart-red-sea-submarine-cables-projects-hit-setbacks,110541558-eve]
15. Oman Golden Way. ""Oman and Yemen Power Grid Interconnection Feasibility Study Underway."" *Oman Golden Way*. [https://omangoldenway.com/en/blog/oman-and-yemen-power-grid-interconnection-feasibility-study-underway]
16. Sana'a Center. ""Development Assistance in Yemen: A Cautionary Tale from Al-Mahra."" *Sana'a Center for Strategic Studies*, December 19, 2021. [https://sanaacenter.org/publications/analysis/16028]
17. ReliefWeb. ""Yemen-Oman twinning project to enhance critical care and save lives."" *ReliefWeb*, August 21, 2022. [https://reliefweb.int/report/yemen/yemen-oman-twinning-project-enhance-critical-care-and-save-lives]",
"Iran - Alleged support to Houthis, regional dynamics, sanctions, diplomatic relations, economic impact",Islamic Republic of Iran,regional_actor,"Highly disputed and primarily non-humanitarian/military support to the Houthi movement (Ansar Allah). Estimates for annual financial support range from $100M to $360M. The UN Panel of Experts on Yemen estimated in 2019 that Iran was providing $30 million per month ($360M annually) through fuel donations. Other expert estimates place the annual support at $100M to $300M (Juneau, 2024). No verifiable, official aid or investment contributions to the internationally recognized government of Yemen (IRG) have been reported for the 2010-2025 period.","Iran provides substantial military, logistical, and intelligence support to the Houthi movement. This includes the transfer of advanced weapons systems, notably unmanned aerial vehicles (UAVs) and ballistic and cruise missiles, which have been used to target Saudi Arabia, the UAE, and international shipping in the Red Sea. Iranian military advisors and trainers from the Islamic Revolutionary Guard Corps (IRGC) are alleged to have provided technical expertise and training to Houthi forces, significantly boosting their military capabilities. The support became more overt following the Houthi takeover of Sana'a in 2014 and the subsequent Saudi-led intervention in 2015.","Iran's economic interests are primarily strategic and geopolitical, centered on maintaining influence over the Bab al-Mandab Strait and the Red Sea, a critical global trade chokepoint. Direct, formal business investments in Yemen are negligible. However, a key economic mechanism is the facilitation of illicit trade, particularly the smuggling of Iranian fuel and oil products into Houthi-controlled areas. This illicit trade, often conducted through Iran-linked networks, provides the Houthi movement with a significant source of revenue (estimated to be in the hundreds of millions of dollars annually) to fund their operations, effectively serving as an economic interest by proxy.","Iran's diplomatic actions have been primarily in support of the Houthi movement and in opposition to the Saudi-led coalition. Key actions include: 1. **2015:** Overtly condemning the Saudi-led intervention. 2. **August 2019:** Recognizing the Houthi envoy, Ebrahim al-Dailami, as Yemen's ambassador to Tehran, granting the Houthi-led government a degree of international legitimacy. 3. **2023:** Following the China-brokered Saudi-Iran rapprochement, Iran voiced support for a political solution in Yemen, though its direct involvement in mediation efforts remains limited compared to regional actors like Oman. Iran has consistently called for an end to the war and a political settlement that includes the Houthis.","Iran does not engage in major development or humanitarian projects in Yemen through official channels like the UN or World Bank. Its 'projects' are primarily military and logistical in nature, focused on enhancing the Houthi's military-industrial capacity, such as the development and deployment of indigenous missile and drone programs, which rely heavily on Iranian technology and expertise.","N/A - Iran is a state actor. Direct, formal business operations in Yemen are minimal due to sanctions and the conflict. Economic activity is dominated by illicit trade networks.","Iran's involvement has had a profound and largely negative impact on the Yemen conflict and economy. **Negative Impacts:** 1. **Conflict Escalation:** Iranian military support has transformed the Houthi movement from a local insurgency into a formidable military force capable of long-range attacks, thereby prolonging and escalating the conflict. 2. **Regional Instability:** The transfer of advanced weaponry has enabled the Houthis to launch attacks on international shipping in the Red Sea (post-2023), severely disrupting global trade and increasing the risk of a wider regional war. 3. **Economic Fragmentation:** The illicit fuel trade, while providing revenue for the Houthis, undermines the formal Yemeni economy and contributes to the fragmentation of state institutions. **Positive Impacts:** 1. **Counter-Balance:** Iran's support provides a strategic counter-balance to the Saudi-led coalition, which some analysts argue has prevented a complete military victory by the coalition and forced a political stalemate.","1. **Alliance (Axis of Resistance):** The Houthi movement (Ansar Allah) is Iran's primary ally in Yemen and a key node in the Iranian-led 'Axis of Resistance,' which includes Hezbollah (Lebanon) and the Syrian government. This alliance is based on shared ideological and geopolitical opposition to the US, Israel, and Saudi Arabia. 2. **Conflict/Tension:** Saudi Arabia and the UAE (primary adversaries in the Yemen conflict), the internationally recognized government of Yemen (IRG), and the United States/Western powers (due to Red Sea attacks and regional rivalry).","1. **Pre-2011:** Limited, covert support to the Houthi movement. 2. **2011:** Iran's involvement increases following the Arab Spring and the political vacuum in Yemen. 3. **2014 (Sept):** Houthi forces seize Sana'a; Iranian support becomes more overt. 4. **2015 (Mar):** Saudi-led coalition intervenes; Iran significantly increases military and financial support. 5. **2019 (Aug):** Iran formally recognizes the Houthi envoy in Tehran. 6. **2023 (Mar):** Saudi Arabia and Iran agree to restore diplomatic relations (China-brokered deal), raising hopes for de-escalation in Yemen. 7. **2023 (Oct onwards):** Houthis begin attacks on commercial shipping in the Red Sea in response to the Gaza conflict, demonstrating the effectiveness of Iranian-supplied/derived military technology.","Medium/Low. Financial and military support figures are estimates from intelligence reports, think tanks (e.g., Wilson Center, CFR), and UN Panels of Experts. Official figures are not disclosed by the Iranian or Houthi authorities. The information is subject to political framing by all parties involved (Iran, Houthis, Saudi-led coalition, US). Sources are highly credible academic and international organizations, but the data itself is based on covert intelligence and estimations.","Iran's strategy in Yemen is often characterized as a 'limited return on a modest investment,' achieving significant geopolitical leverage over its regional rivals (Saudi Arabia) and a strategic foothold on the Arabian Peninsula without the massive financial outlay required for a direct military intervention or large-scale humanitarian aid. The Houthis are an ideologically aligned partner, not a direct proxy in the mold of Hezbollah, maintaining a degree of independent decision-making.","1. Wilson Center, 'Houthis & Iran' (2024). [URL: Snippet-only source] 2. Council on Foreign Relations (CFR), 'Iran's Support of the Houthis: What to Know'. [URL: Snippet-only source] 3. UN Panel of Experts on Yemen (2019) - Cited in Washington Institute analysis. [URL: Snippet-only source] 4. MECouncil, 'Iran's Role in the Yemen War: Real Influence and Regional Gains' (2024). [URL: Snippet-only source] 5. Carnegie Endowment for International Peace, 'Iran's Post-Conflict Vision in Yemen' (2019). [URL: Snippet-only source] 6. Treasury Department Press Release, 'Treasury Sanctions Houthi Illicit Oil Trading and Shipping' (2025). [URL: Snippet-only source] 7. Middle East Institute (MEI), 'Iran's Role in Yemen and Prospects for Peace' (2018). [URL: Snippet-only source] 8. AEI, 'Yemen's Houthis and the Expansion of Iran's Axis of Resistance' (2022). [URL: Snippet-only source] 9. Wikipedia, 'Iranian support for the Houthis' (Used for general context and cross-referencing). [URL: Snippet-only source] 10. Sana'a Center, 'Iran's View of Houthi Attacks in the Red Sea: Protecting...' (2024). [URL: Snippet-only source]",
"Egypt - Diplomatic role, economic ties, trade relations, aid contributions, regional influence",Arab Republic of Egypt,regional_actor,"No consolidated, verifiable figure for total aid or investment contributions from Egypt to Yemen (2010-2025) is available from trusted sources. Aid is primarily humanitarian and often coordinated through other Gulf/international bodies (e.g., King Salman Center), making direct attribution and total calculation difficult. Specific contributions include medical aid shipments and humanitarian assistance to Yemeni families in Egypt [5] [17].","Egypt is a member of the **Saudi-led coalition** (Operation Decisive Storm) since March 26, 2015 [2]. Its role is primarily **naval and aerial**, focused on securing the strategic Bab al-Mandab strait and Red Sea shipping lanes [4].
*   **Naval Support:** Egyptian warships were deployed to the Bab al-Mandab strait on March 27, 2015, to secure the passage [4].
*   **Aerial Support:** Egypt committed aerial support to the coalition [3].
*   **Ground Troops:** In September 2015, Egyptian security sources reported the deployment of **up to 800 ground troops** to Yemen, marking the first reported ground deployment by Egypt in the conflict [6]. The mandate for participation was extended in January 2016 [7]. Egypt's military involvement is seen as a defense of Saudi Arabian and Egyptian interests [16].","Egypt's primary economic interest in the Yemen conflict is the **security of the Red Sea and the Bab al-Mandab strait**, which is vital for the **Suez Canal** trade route [4]. The stability of this route is critical, as evidenced by the **60% plummet in Suez Canal revenues** due to Houthi attacks in late 2023/early 2024 [9] [10]. Egypt has also shown interest in future economic cooperation, with talks in February 2025 exploring investment opportunities in Yemen's **petroleum and mining sectors** [11]. Furthermore, Egypt serves as a host country for Yemeni investments, with officials noting that Yemeni investment in Egypt is a promising way to preserve capital until the situation in Yemen stabilizes [15].","*   **Post-2011:** Egypt consistently supported Yemen's territorial integrity and the internationally recognized government [1].
*   **March 2015:** Egypt joined the Saudi-led coalition, a major diplomatic and military alignment in the region [2].
*   **2015-Present:** Egypt has repeatedly affirmed its support for the legitimate government in Aden and for all efforts aimed at restoring peace and ending the suffering of the Yemeni people [13].
*   **April 2025:** President El-Sisi highlighted Egypt's ongoing diplomatic efforts to support dialogue between Yemeni factions and help bring an end to the conflict [14].
*   **September 2025:** Egypt reiterated its commitment to supporting Yemen's economic recovery, aligning with its broader diplomatic stance advocating for a political solution and increased humanitarian aid [12].","Egypt's major projects are primarily focused on **technical assistance, capacity building, and reconstruction support** rather than large-scale infrastructure investments in Yemen.
*   **Reconstruction and Development Talks (December 2021):** The Egypt-based **Arab Organization for Industrialization** held talks with Yemeni officials on ways to support Yemen's reconstruction and development efforts [8].
*   **Capacity Building:** Egypt has expressed readiness to enhance the qualification and support provided to prepare **Yemeni cadres in various fields** [1].
*   **Humanitarian Aid:** The **Egyptian Red Crescent** has distributed humanitarian assistance, including food and non-food items, to Yemeni families stranded in Egypt [5].
*   **Medical Aid:** Egypt has sent medical aid planes to Yemen, often in coordination with the King Salman Center [17].",Not applicable; Egypt is a state actor.,"**Positive Impacts:** Egypt's participation in the Saudi-led coalition provided **military and naval support** to the internationally recognized government, contributing to the initial pushback against Houthi advances [6]. Its diplomatic stance consistently supports the legitimate government and calls for a political solution [13]. Egypt has also provided **humanitarian assistance** to Yemeni families stranded in Egypt [5]. **Negative Impacts:** The Houthi attacks, which are a direct consequence of the Yemen conflict, have had a severe **negative economic impact on Egypt** by drastically reducing Suez Canal revenues [9] [10]. Egypt's involvement in the coalition has also been a point of domestic political debate [3]. **Overall Assessment:** Egypt's impact is primarily **strategic and geopolitical**, focused on securing its vital maritime economic interests, with a secondary role in military support and limited, but consistent, humanitarian and political backing for the legitimate government.","*   **Saudi-led Coalition:** Egypt is a member of the coalition, providing naval, aerial, and limited ground support, indicating a strong **alliance and partnership** with Saudi Arabia and the UAE, which is partly motivated by the billions in aid received from Gulf states [2] [6] [16].
*   **Internationally Recognized Government of Yemen (IRG):** Egypt maintains a strong **supportive relationship** with the IRG, consistently affirming its legitimacy and supporting its efforts for peace and recovery [13].
*   **Houthi Movement:** The relationship is **antagonistic**, as Egypt is a military opponent in the conflict and the Houthi attacks on Red Sea shipping directly threaten Egypt's core economic interests [10].
*   **International Organizations:** Egypt coordinates with bodies like the King Salman Center for Humanitarian Aid and Relief (KSRelief) for aid delivery [17].","*   **2011 (Post-Revolution):** Egypt's position is based on supporting Yemen's territorial integrity and the transitional process [1].
*   **March 26, 2015:** Egypt announces joining the Saudi-led coalition (Operation Decisive Storm) against the Houthis, committing naval and aerial support [2].
*   **March 27, 2015:** Egyptian warships deploy to the Bab al-Mandab strait to secure the strategic sea passage [4].
*   **June 2015:** Egyptian Red Crescent distributes humanitarian assistance to Yemeni families stranded in Egypt [5].
*   **September 9, 2015:** Egyptian security sources report the deployment of up to 800 ground troops to Yemen [6].
*   **January 2016:** Egypt extends its mandate for participation in the Yemen conflict [7].
*   **December 2021:** The Egypt-based Arab Organization for Industrialization holds talks with Yemen on supporting reconstruction and development [8].
*   **Late 2023/Early 2024:** Houthi attacks in the Red Sea significantly impact Egypt's Suez Canal revenue [9] [10].
*   **February 2025:** Egypt and Yemen explore investment opportunities in petroleum and mining sectors [11].
*   **September 2025:** Egypt reaffirms its commitment to supporting Yemen's economic recovery and the legitimate government [12] [13].","Medium to High. Key military and diplomatic events are confirmed by major news sources and official statements. Financial contribution data is Low, as a consolidated, verifiable figure for total aid or investment is not available, and aid is often channeled through other bodies. Economic interest data is Medium, with strong information on strategic interests (Suez Canal security, Red Sea trade) but scarce concrete investment figures. Sources include official government sites, think tanks, and international news agencies.","Egypt's involvement in the Yemen conflict is a complex balancing act, driven by its strategic economic interests in the Red Sea and its political and financial relationship with Gulf allies, particularly Saudi Arabia and the UAE. The recent Houthi attacks on Red Sea shipping have underscored the direct and severe economic consequences of the Yemen conflict on Egypt's national revenue from the Suez Canal. This has reinforced Egypt's commitment to a stable, political resolution in Yemen [9] [10].","1. Egypt and Yemen | State Information Service (SIS) [https://sis.gov.eg/en/international-relations/bilateral-relations/yemen/]
2. Egypt's Yemen Campaign | The Washington Institute [https://www.washingtoninstitute.org/policy-analysis/egypts-yemen-campaign]
3. Some Egyptians Question Country's Role In Yemen Conflict | NPR [https://www.npr.org/2015/04/03/397325247/some-egyptians-question-countrys-role-in-yemen-conflict]
4. Saudi, Egyptian warships move into strait as Yemen airstrikes widen | Military Times [https://www.militarytimes.com/news/your-military/2015/03/27/saudi-egyptian-warships-move-into-strait-as-yemen-airstrikes-widen/]
5. The Egyptian Red Crescent distributed humanitarian assistances to Yemenis in Egypt | ReliefWeb [https://reliefweb.int/report/egypt/egyptian-red-crescent-distributed-humanitarian-assistances-yemenis-egypt]
6. Egypt sends up to 800 ground troops to Yemen's war: Egyptian security sources | Reuters [https://www.reuters.com/article/world/egypt-sends-up-to-800-ground-troops-to-yemen-s-war-egyptian-security-sources-idUSKCN0R91IE/]
7. Egypt extends participation in Yemen conflict | Reuters [https://www.reuters.com/article/world/egypt-extends-participation-in-yemen-conflict-idUSKCN0US1VF/]
8. Egypt offers long-term support in redevelopment of Yemen | Arab News [https://www.arabnews.com/node/1990131/spa/aggregate]
9. Sisi's Foreign Policy Fails to Obscure Egypt's Festering Economic Problems | Arab Center Washington DC [https://arabcenterdc.org/resource/sisis-foreign-policy-fails-to-obscure-egypts-festering-economic-problems/]
10. Houthi attacks on ships in the Red Sea add to Egypt's economic woes | Atlantic Council [https://www.atlanticcouncil.org/blogs/menasource/houthi-attacks-egypt-red-sea-economy/]
11. Egypt, Yemen explore investment opportunities in petroleum, mining | Zawya [https://www.zawya.com/en/economy/north-africa/egypt-yemen-explore-investment-opportunities-in-petroleum-mining-k1jcqcpj]
12. Egypt Reaffirms Support for Yemen's Economic Recovery | Yemen Online [https://www.yemenonline.info/public/Focus/10272]
13. Egypt reiterates support of Yemen's legitimate government | State Information Service (SIS) [https://sis.gov.eg/en/media-center/news/egypt-reiterates-support-of-yemens-legitimate-government/]
14. Egypt and Kuwait Hold Strategic Talks Focused on the ... | Yemen Monitor [https://www.yemenmonitor.com/en/Details/ArtMID/908/ArticleID/137747]
15. Abou El-Enein: Egypt Is A Promising Market for Yemeni Investments | Abou El-Enein [https://www.abouelenein.com/economy/abou-el-enein-egypt-promising-market-yemeni-investments/]
16. Egypt and Yemen 53 Years Later | Atlantic Council [https://www.atlanticcouncil.org/blogs/menasource/egypt-and-yemen-53-years-later/]
17. Egypt sends two medical aid planes to Yemen | Saba News [https://mail.sabanew.net/story/en/64631]",
"Hayel Saeed Anam Group - Major Yemeni conglomerate, sectors (food, manufacturing, trade), revenue, operations 2010-2025",Hayel Saeed Anam Group,business_conglomerate,"The HSA Group is a private company and is not a donor in the traditional sense. Its financial role is primarily through commercial investment and humanitarian aid via its foundation.

*   **Total Investment (2010-2025):** Not publicly disclosed.
*   **IFC Financing (2021):** HSA Foods received a **US$75 million** debt financing package from the International Finance Corporation (IFC) to support its working capital for food production [5]. This is an investment, not a contribution.
*   **Alleged Financial Benefit (2018-2020):** The 2021 UN Panel of Experts report alleged that HSA benefited by **US$194.2 million** from a preferential exchange rate mechanism provided by the Central Bank of Yemen in Aden [8]. This figure is disputed by the company and represents an alleged financial gain, not a contribution [10].
*   **Humanitarian Aid:** The group's philanthropic arm, the Hayel Saeed Anam Foundation, provides humanitarian and social welfare support, but no consolidated financial figures for this aid are publicly available [15].

**Required Format:** '$75M (IFC Investment 2021) + Undisclosed philanthropic aid. Note: UN report alleged $194.2M financial benefit (2018-2020), which is disputed.'","The HSA Group has **no formal military or security role** in the Yemen conflict. As a private business conglomerate, its involvement is purely economic and humanitarian. Its primary security concern is the protection of its personnel, assets, and supply chain across the fragmented country [17]. The group's operations are a key part of the war economy, but it does not deploy troops, provide military equipment, or engage in security cooperation in a formal capacity [1].","The HSA Group's economic interests are centered on maintaining the functionality of the **food import and manufacturing supply chain** across Yemen, which is critical to its business and the country's survival [4].

*   **Strategic Interests:** The primary interest is the **uninterrupted flow of essential commodities** (wheat, sugar, oil) through Yemen's ports and across internal frontlines [7]. Its operations are tied to key infrastructure, including flour mills and processing plants in Aden, Hodeidah, and Taiz [5].
*   **Investments:** The most significant recent investment is the **US$75 million financing package** from the International Finance Corporation (IFC) in 2021, which was intended to finance the permanent working capital needs of HSA Foods to ensure the continued production of necessity foods [5].
*   **Controversy (Currency Manipulation):** The 2021 UN Panel of Experts report alleged that HSA benefited from a preferential exchange rate offered by the CBY-Aden, which amounted to a benefit of $194.2 million, suggesting a strategic interest in the central bank's foreign exchange policies [8]. The group denied the allegations [10].","The HSA Group is a private entity and does not engage in formal diplomatic or mediation efforts between the warring parties. Its diplomatic role is limited to **advocacy and strategic partnerships** with international bodies to facilitate its commercial and humanitarian operations [12].

*   **Advocacy for Financial Mechanisms (2022):** The group has publicly called on the international community to establish **emergency financial mechanisms** to support food importers and stabilize the food supply chain in Yemen [13].
*   **Partnership with the European Union (2025):** In May 2025, HSA Group announced a strategic partnership with the European Union to drive youth job creation and economic opportunities through innovation in Yemen [14].
*   **Collaboration with UN Agencies:** The group maintains a working relationship with UN agencies like the World Food Programme (WFP) and the International Finance Corporation (IFC) to ensure the flow of essential goods, which serves a de facto diplomatic function in maintaining economic stability [7] [5].","The HSA Group's major projects are primarily focused on maintaining and expanding its core food and manufacturing infrastructure, often in partnership with international development finance institutions.

*   **IFC Financing for HSA Foods (2021):** A **US$75 million financing package** from the IFC (part of the World Bank Group) was approved in 2020 and invested in 2021. The funds were allocated to finance the permanent working capital needs of HSA Foods' operations in Aden, Hodeidah, and Taiz, ensuring the continued production of essential foods [5].
*   **Advisory Engagement (2021):** As part of the IFC partnership, advisory services were considered for two key areas: **Energy and water efficiency** (including hybrid solar/thermal solutions) and **Gender diversity** (to increase women's participation in the workforce) [5].
*   **Youth Job Creation Partnership (2025):** A strategic partnership with the **European Union** was announced in May 2025 to drive youth job creation and economic opportunities through innovation in Yemen [14].
*   **Humanitarian/Development Initiatives:** The group's philanthropic arm, the **Hayel Saeed Anam Foundation**, is active in social welfare projects, particularly in its home base of Taiz [15]. The group also works with the WFP to support humanitarian food distribution [7].","The HSA Group is a multinational conglomerate with a significant presence in Yemen, operating across several critical sectors. Its core operations in Yemen are concentrated in **Fast-Moving Consumer Goods (FMCG)**, **food manufacturing**, **trade**, and **industrial** sectors [1] [2].

*   **Food and Manufacturing:** HSA is the largest grain dealer and flour miller in Yemen, and a major producer of essential food items including flour, sugar, dairy products, edible oils, and biscuits [3] [4]. Its food processing operations are located in key areas such as Aden, Hodeidah, and Taiz [5].
*   **Trade and Imports:** The group is responsible for importing the majority of Yemen's essential food commodities, playing a critical role in the country's food security [6].
*   **Industrial:** The group's industrial operations include manufacturing of various non-food items and is a major employer [1].

**Revenue/Market Share Data:**
Specific, verifiable annual revenue figures for the HSA Group's Yemen operations are not publicly disclosed. However, its market dominance is well-documented:
*   **Market Share:** HSA Group is described as the **biggest provider of food staples** in Yemen and the country's **leading grain miller and food manufacturer** [4] [7].
*   **Alleged Profit (2018-2020):** A 2021 UN Panel of Experts report alleged that the HSA Group received 48% of the approved import financing from the Central Bank of Yemen (CBY) in Aden, which, due to a preferential exchange rate, resulted in a benefit of approximately **US$194.2 million** [8] [9]. The group strongly denied these allegations [10].","The HSA Group's impact on Yemen's economy and conflict is dual-natured, encompassing both essential life-saving functions and significant economic controversy.

**Positive Impacts:**
*   **Food Security:** HSA is widely recognized as a **pillar of Yemen's food security**, responsible for importing and distributing the majority of essential food staples. Its continued operation, despite the conflict, has been crucial in preventing a complete collapse of the food supply chain and mitigating famine [7] [4].
*   **Employment:** As one of the largest employers in Yemen, particularly in its home base of Taiz, the group provides vital livelihoods for thousands of families [15].
*   **International Investment:** The IFC's $75 million investment in 2021, facilitated by HSA, was a rare and significant sign of confidence in Yemen's private sector during the war [5].

**Negative Impacts/Controversies:**
*   **Alleged Corruption/Monopoly:** The 2021 UN Panel of Experts report alleged that HSA benefited from a preferential exchange rate, which was seen as a form of **elite capture** and corruption that did not translate into lower consumer prices [8] [9]. Critics also point to the group's near-monopoly in key sectors, which may stifle smaller local enterprises [16].
*   **Operational Complicity:** To maintain its supply chain, the group must negotiate and operate across Houthi-controlled and government-controlled territories, leading to accusations of **complicity** with warring factions, though this is a necessary function for any large-scale business in a fragmented war economy [17].

**Overall Assessment:** The HSA Group's role is one of **critical, yet controversial, economic resilience**. Its operational continuity is essential for the survival of millions of Yemenis, but its market dominance and alleged involvement in financial controversies highlight the complex and often opaque nature of the war economy [8] [7].","The HSA Group maintains complex, transactional relationships with various actors, driven by the necessity of maintaining its supply chain in a fragmented state.

*   **International Finance Corporation (IFC) / World Bank Group:** IFC is a key partner, providing a **US$75 million financing package** in 2021 to support HSA Foods' working capital [5]. This relationship is a significant source of legitimacy and capital.
*   **United Nations Agencies (WFP, etc.):** HSA is a critical partner for the World Food Programme and other aid organizations, as it is the **primary logistical and manufacturing link** for distributing food aid in Yemen [7].
*   **Central Bank of Yemen (CBY-Aden):** The relationship was central to the 2021 controversy, where the UN Panel of Experts alleged that HSA received preferential treatment through the CBY's foreign exchange mechanism [8]. The group's ability to place ex-employees in key government roles was also alleged [9].
*   **Houthi Authorities (Sana'a):** HSA must **negotiate access and operational terms** with the de facto Houthi authorities to move goods through northern territories and ports like Hodeidah, which is essential for its business [17].
*   **Internationally Recognized Government (IRG):** The group's operations are formally registered and interact with the IRG's institutions, particularly the CBY-Aden, which led to the currency manipulation allegations [8].
*   **Local Competitors/Civil Society:** The group faces criticism from civil society and smaller businesses for its **market dominance and alleged monopolistic practices** [16].","*   **1938:** HSA Group established in Yemen [2].
*   **2010-2014:** Pre-conflict period; HSA is the largest conglomerate, dominating food and manufacturing sectors [1].
*   **2015 (Post-Intervention):** HSA maintains operations despite the start of the civil war and coalition intervention, becoming a critical lifeline for food imports [4].
*   **Mid-2018 - Aug 2020:** Period during which the UN Panel of Experts alleged HSA benefited from a preferential exchange rate from the CBY-Aden, resulting in an alleged benefit of $194.2 million [8].
*   **Jan 2021:** UN Panel of Experts report (S/2021/79) is released, detailing the allegations against HSA and the CBY-Aden [9].
*   **Jan/Feb 2021:** HSA Group publicly denies the allegations, calling them ""baseless"" [10] [19].
*   **Mar 2021:** The UN Panel of Experts partially walks back the corruption claims against the CBY-Aden due to lack of evidence, though the HSA allegations remain a point of controversy [11].
*   **Aug 2021:** The International Finance Corporation (IFC) finalizes a **US$75 million investment** in HSA Foods Yemen to support working capital for essential food production [5] [21].
*   **Dec 2022:** Houthi authorities reportedly close down an HSA Group branch in Yemen as part of a price inspection campaign [20].
*   **May 2025:** HSA Group announces a strategic partnership with the European Union for youth job creation and economic opportunities [14].","Medium. Data on the HSA Group's operational role, major projects (IFC financing), and its central position in Yemen's food supply chain is **High** and sourced from international organizations (IFC, UN) and reputable think tanks (Sana'a Center) [5] [7] [8]. However, specific, verifiable financial data such as total annual revenue, year-by-year aid contributions, and precise market share percentages are **Low** due to the company's private status and the conflict environment [1]. The most significant financial figure (the $194.2M profit allegation) is disputed and was part of a UN report that was later partially walked back [8] [10] [11].","The HSA Group is a unique and critical actor in the Yemen conflict, representing the resilience and complexity of the country's private sector. Its ability to operate across frontlines and maintain the flow of essential goods makes it an indispensable, albeit controversial, partner for both international aid agencies and local authorities. The 2021 UN Panel of Experts controversy, though disputed and partially retracted, remains a key point of reference, highlighting the risks of corruption and elite capture inherent in the war economy [8] [10] [11]. The group's continued investment, such as the 2021 IFC deal, demonstrates its long-term commitment to Yemen despite the ongoing crisis [5].","1. Forbes Middle East. *Top 100 Arab Family Businesses 2024: Hayel Saeed Anam Group (HSA Group)*. [URL: https://www.forbesmiddleeast.com/lists/top-100-arab-family-businesses-2024/hayel-saeed-anam-group-hsa-group/].
2. HSA Group. *Our History*. [URL: https://www.hsagroup.com/en/about-hsa/our-history].
3. HSA Group. *HSA-Brochure.pdf*. [URL: https://www.hsagroup.com/download/HSA-Brochure.pdf].
4. International Finance Corporation (IFC). *Yemeni Company Feeds Millions Despite Relentless Challenges*. [URL: https://www.ifc.org/en/stories/2022/yemeni-company-feeds-millions-despite-relentless-challenges].
5. International Finance Corporation (IFC). *HSA Foods Yemen - Summary of Investment Information (SII)*. [URL: https://disclosures.ifc.org/project-detail/SII/43466/hsa-foods-yemen].
6. Overseas Development Institute (ODI). *Food security in Yemen: the private sector and imported food*. [URL: http://cdn-odi-production.s3.amazonaws.com/media/documents/Food_security_in_Yemen_1_-_the_private_sector_and_imported_food_uTu5YXS.pdf].
7. Ecker, O., ElAzzouzi, A., Kurdi, S., & Qasem, A. (2023). *Unlocking the power of partnership to address Yemen's food crisis and strengthen food system resilience*. [URL: https://books.google.com/books?hl=en&lr=&id=-o_hEAAAQBAJ&oi=fnd&pg=PA4].
8. Sana'a Center for Strategic Studies. *The CBY-Aden's Crisis of Confidence – Assessing the UN Panel of Experts’ Corruption Allegations*. [URL: https://sanaacenter.org/publications/analysis/13577].
9. United Nations Security Council. *Final report of the Panel of Experts on Yemen (S/2021/79)*. [URL: https://digitallibrary.un.org/record/3898851/files/S_2021_79-EN.pdf].
10. Associated Press (AP). *UN experts pull back on corruption claims against Yemen*. [URL: https://apnews.com/general-news-fce26f460b73def2afcc86806ab589a6].
11. Daily Sabah. *UN withdraws corruption claims against Yemen because of no evidence*. [URL: https://www.dailysabah.com/world/mid-east/un-withdraws-corruption-claims-against-yemen-because-of-no-evidence].
12. Proparco. *Towards food security in Yemen: HSA Group in concert with UN, DFIs and international NGOs*. [URL: https://www.proparco.fr/en/article/towards-food-security-yemen-hsa-group-concert-un-dfis-and-international-ngos].
13. International Finance Corporation (IFC). *Yemeni Company Feeds Millions Despite Relentless Challenges*. [URL: https://www.ifc.org/en/stories/2022/yemeni-company-feeds-millions-despite-relentless-challenges].
14. HSA Group. *HSA Group and the European Union Announce Strategic Partnership to Drive Youth Job Creation and Economic Opportunities Through Innovation in Yemen*. [URL: https://www.hsayemen.com/en/media-centre/news/hsa-group-and-the-european-union-announce-strategic-partnership-to-drive-youth-job-creation-and-economic-opportunities-through-innovation-in-yemen/].
15. New America. *The “Proxy War” Prism on Yemen: War Comes to Taiz*. [URL: https://www.newamerica.org/international-security/reports/the-proxy-war-prism-on-yemen/war-comes-to-taiz].
16. Boycott UAE. *Boycott HSA Group: Stop Market Monopolies Now*. [URL: https://boycottuae.org/boycott/hsa-group].
17. AAWSAT. *Houthis Target Private Sector Companies in 3 Governorates*. [URL: https://english.aawsat.com/home/article/3969001/houthis-target-private-sector-companies-3-governorates].
18. HSA Group. *Emerging from a Crisis: Lessons in Leadership and Transformation*. [URL: https://www.hsayemen.com/en/media-centre/news/emerging-from-a-crisis-lessons-in-leadership-and-transformation/].
19. Arab News. *Yemeni PM criticizes UN report on central bank corruption*. [URL: https://www.arabnews.com/node/1802221/middle-east].
20. ACAPS. *Bimonthly Economic Update Macroeconomic trends - ACAPS*. [URL: https://www.acaps.org/fileadmin/Data_Product/Main_media/20230124-yemen-analysis-hub-yeti-bimonthly-economic-update-november-to-december-2022.pdf].
21. IFC. *IFC Partners with HSA Group to Bolster Food Security in Yemen*. [URL: https://www.ifc.org/en/pressroom/2021/ifc-partners-with-hsa-group-to-bolster-food-security-in-yemen].",
"Bin Mahfouz Group - Banking, telecom, trade sectors, operations, impact on economy",,,,,,,,,,,,,,,
"Shaher Group - Cement, construction, operations, economic role",Shaher Group,business_conglomerate,"Not applicable (business entity). The group's financial role is characterized by major commercial transactions, not aid or investment contributions.

**Major Financial Transaction to a Conflict Party:**
*   **~$300M total** (2016-2018) paid by subsidiary MTN Yemen to Houthi-controlled authorities in Sana'a for taxes and license renewal [1]. This payment was alleged to have violated UN sanctions and provided financial support to the Houthi movement.","The Shaher Group has **no direct military or security role** in the Yemen conflict. It is a private business entity. Its role is strictly financial and economic, specifically through the alleged provision of significant revenue to the Houthi-controlled authorities in Sana'a via taxes and fees paid by its subsidiary, MTN Yemen [1]. This financial support has been described as helping to fund the Houthi war effort [1].","The Shaher Group's economic interests are deeply embedded in Yemen's essential infrastructure and financial systems, making it a strategic economic actor.

*   **Telecommunications**: The group's stake in MTN Yemen provided control over a vital communication network and a significant source of revenue.
*   **Banking and Finance**: As a founding shareholder of the **International Bank of Yemen (IBY)**, the group holds a strategic position in the country's financial sector [3]. This interest became a major point of controversy when the US Treasury sanctioned IBY in April 2025 for facilitating the transfer of funds to the Houthi movement [2].
*   **Commodity Control**: The group's historical dominance in the importation of essential commodities like sugar and oil gives it immense economic leverage and control over basic market stability [4].

The most significant economic interest intersecting with the conflict was the alleged payment of approximately **$300 million** in taxes and license renewal fees by MTN Yemen to the Houthi-controlled authorities in Sana'a between 2016 and 2018. This transaction was deemed a violation of international law and UN Security Council sanctions, as it provided substantial financial support to a conflict party [1].","The Shaher Group is a private business conglomerate and has not been involved in formal diplomatic initiatives, mediation efforts, or peace talks. Its engagement with political actors is primarily transactional, focusing on maintaining business operations and licenses, which has led to controversial financial dealings with conflict parties [1].","As a business conglomerate, the group's ""major projects"" are its core business operations and strategic investments.

*   **MTN Yemen Operations**: Maintaining and operating one of Yemen's largest mobile telecommunications networks, which was a critical service provider until the group's divestment.
*   **International Bank of Yemen (IBY)**: A founding and strategic investment in the country's financial sector [3].
*   **Commodity Importation**: Large-scale, continuous operations for the importation and distribution of essential goods, including sugar and oil, which are vital for the country's survival [4].
*   **Construction and Infrastructure**: Involvement in various construction and contracting projects across Yemen, though specific details on major projects post-2010 are limited [3].","The Shaher Group is a highly diversified conglomerate operating across several critical sectors in Yemen and the wider region, primarily through its subsidiary, the Shaher Trading Company Group (STCO) [3]. The group's primary sectors include:

*   **Telecommunications**: The group was a major shareholder in **MTN Yemen** (formerly Spacetel Yemen), one of the country's largest mobile network operators.
*   **Banking**: The group is a founding shareholder of the **International Bank of Yemen (IBY)**, a key financial institution in the country [3].
*   **Oil and Gas**: The group is involved in the importation and distribution of petroleum products.
*   **Sugar and Foodstuffs**: The group is often referred to as one of Yemen's ""Sugar Kings"" and has historically held a near-monopoly on the importation and distribution of essential commodities like sugar [4].
*   **Construction and Trading**: The original foundation of the group, STCO, was a trading and contracting firm [3].

Specific revenue and market share data for the construction and cement operations are not publicly available. However, the group's historical dominance in essential commodities like sugar and its significant presence in telecommunications and banking indicate a substantial, monopolistic-like market share in several key sectors of the Yemeni economy [4].","The Shaher Group's impact on the Yemeni economy and conflict is complex, with both stabilizing and destabilizing effects.

**Negative Impacts/Controversies:**
The most significant negative impact stems from the alleged financial support provided to the Houthi movement. The payment of an estimated **$300 million** by the group's subsidiary, MTN Yemen, to the Houthi-controlled central bank and authorities was criticized for violating UN sanctions and providing a critical revenue stream that helped finance the Houthi war effort [1]. Furthermore, the US Treasury sanctioning of the International Bank of Yemen (IBY), a key group investment, in 2025 for supporting the Houthis, highlights the group's alleged role in enabling the financial operations of a conflict party [2]. The group's historical use of tax havens and alleged monopolistic practices have also been cited as contributing to corruption and economic instability [4].

**Positive Impacts:**
Despite the controversies, the group's continued operation in vital sectors (telecom, banking, food importation) has provided essential services and employment, acting as a stabilizing force for the economy in areas under its operational control. As one of the largest private sector entities, its business activities help maintain a degree of economic function and prevent a complete collapse of essential services [5].","The Shaher Group's key relationships are primarily transactional and have placed it in direct conflict with international sanctions regimes.

*   **Houthi-controlled Authorities**: A controversial, transactional relationship where the group's subsidiary, MTN Yemen, paid substantial taxes and license fees (estimated at $300 million) to the de facto government in Sana'a to maintain its operations [1].
*   **International Bank of Yemen (IBY)**: The group is a founding shareholder. IBY was sanctioned by the US Treasury in April 2025 for facilitating the transfer of funds to the Houthi movement [2].
*   **Khaled Ali Abdullah Saleh**: The son of the former president, who was also implicated in the same ARIJ investigation regarding continued money transfers and the use of tax havens, suggesting a business alliance or shared financial network [1].
*   **International Community/Sanctions Bodies**: The group's activities have been the subject of UN Security Council reports and US Treasury sanctions due to alleged violations of international law and financial support for the Houthi movement [1] [2].","*   **1963**: Shaher Abdulhak establishes the Shaher Trading Company (STCO) in Yemen [3].
*   **Pre-2010**: The group expands into a major conglomerate, establishing dominance in sectors like sugar, oil, and telecommunications (MTN Yemen) and becoming a founding shareholder of the International Bank of Yemen (IBY) [3] [4].
*   **April 2016**: The Panama Papers leak implicates the Abdulhak empire, revealing the use of offshore companies and tax havens [4].
*   **2016-2018**: MTN Yemen, a group subsidiary, allegedly pays approximately **$300 million** in taxes and license renewal fees to the Houthi-controlled authorities in Sana'a [1].
*   **July 2018**: An investigative report by ARIJ details the MTN payments, citing UN reports that the funds violated sanctions and helped finance Houthi military operations [1].
*   **October 2020**: Group founder, Shaher Abdulhak, dies [6].
*   **April 2025**: The U.S. Department of the Treasury sanctions the **International Bank of Yemen (IBY)**, a key strategic investment of the Shaher Group, for facilitating the transfer of funds to the Houthi movement [2].","**Medium to High**. The most critical and controversial information regarding the group's role in the conflict (financial transactions to the Houthi authorities and the sanctioning of its banking investment) is sourced from highly credible, verified sources: a major investigative journalism report (ARIJ) citing UN Security Council reports and corporate tax documents [1], and a press release from the US Department of the Treasury [2]. General business and historical data are derived from company profiles and reputable news/academic sources [3] [4]. The primary limitation is the lack of specific, recent (post-2015) financial and market share data for the group's construction and cement operations, which is common for private conglomerates operating in a conflict zone.","The Shaher Group is a prime example of how large, diversified private sector entities navigate and are implicated in the complex political economy of the Yemen conflict. The death of the group's founder, Shaher Abdulhak, in October 2020, marks a significant transition point for the conglomerate, which is now managed by his family. The group's continued operations, despite the war, highlight the critical, often controversial, role of the private sector in sustaining the economy and, in some cases, inadvertently or deliberately supporting conflict parties [5]. The recent US sanctions on the International Bank of Yemen (IBY) in 2025 demonstrate the ongoing scrutiny of the group's financial network.","1. Arab Reporters for Investigative Journalism (ARIJ). ""Shaher Abdulhak's Tax Havens Violate International Law."" *ARIJ.net*, 22 July 2018. [https://en.arij.net/investigation/shaher-abdulhaks-tax-havens-violate-international-law/]
2. U.S. Department of the Treasury. ""Treasury Targets International Bank of Yemen for Support to the Houthis."" *Press Release*, 17 April 2025. [https://home.treasury.gov/news/press-releases/sb0092]
3. STCO Group. ""About Us."" *STCOGroup.com*. [https://stcogroup.com/about-us/]
4. The New Arab. ""Murder, tax-evasion, cronyism: Yemen's 'Sugar Kings' implicated in Panama Papers."" *TheNewArab.com*, 6 April 2016. [https://www.newarab.com/indepth/2016/4/6/Murder-tax-evasion-cronyism-Yemens-Sugar-Kings-implicated-in-panama-papers]
5. Manara Magazine. ""Engaging Yemen's Private Sector in Peacebuilding Amidst Ongoing Conflict."" *ManaraMagazine.org*, 20 August 2024. [https://manaramagazine.org/2024/08/engaging-yemens-private-sector-in-peacebuilding-amidst-ongoing-conflict/]
6. Wikipedia. ""Shaher Abdulhak."" *Wikipedia.org*. [https://en.wikipedia.org/wiki/Shaher_Abdulhak]",
"Qatar - Aid contributions, diplomatic role, mediation efforts, economic support",,,,,,,,,,,,,,,
