Subject,Institution Name,2015 Operations Summary,Financial Metrics 2015,Key Events 2015,Authoritative Sources,Data Quality,Error
"Central Bank of Yemen Aden 2015 operations, reserves, monetary policy",Central Bank of Yemen Aden,"The Central Bank of Yemen (CBY) in 2015 operated under extreme duress due to the escalation of the civil war, which began in March 2015. Although the task specifies the ""Central Bank of Yemen Aden,"" the CBY remained unified and operated primarily from Sana'a throughout 2015, with the official split and relocation to Aden not occurring until September 2016. The CBY's main operational focus was crisis management, specifically financing the government's massive fiscal deficit, which rose to **11.4 percent of GDP** [2]. This deficit was covered by the CBY and commercial banks, effectively monetizing the deficit. The loss of oil and gas export revenues, the CBY's largest source of foreign currency, led to a rapid depletion of foreign exchange reserves, which fell from approximately **$4.7 billion** at the end of 2014 to an estimated **$1.3 billion** by the end of 2015 [3] [4]. The CBY used these dwindling reserves to finance imports of essential goods, particularly food and medicine, in an attempt to stabilize the local currency and mitigate the humanitarian crisis. Despite these efforts, the economy suffered severe shocks, with the World Bank reporting an estimated inflation rate of **30 percent** for the year [3]. The CBY's monetary policy was dominated by the need to finance the war and maintain basic state functions, rather than traditional monetary stability goals.","*   **Foreign Reserves (Estimated End-2015):** Approximately **$1.3 billion** (down from $4.7 billion at the end of 2014) [3] [4].
*   **Fiscal Deficit (2015):** **11.4 percent of GDP** [2].
*   **Inflation (2015):** Estimated at **30 percent** [3].
*   **Net Foreign Assets (NFA) of CBY (End-2014 Projection):** **599.5 billion YER** [1].
*   **Broad Money (M2) (End-2014 Projection):** **3,450.8 billion YER** [1].
*   **Financing Source:** The fiscal deficit was financed primarily by the CBY and commercial banks [2].","*   **March 2015:** Saudi-led military intervention begins, marking a significant escalation of the conflict and the start of a major economic crisis.
*   **Early 2015:** Cessation of oil and gas exports, which were the CBY's primary source of foreign currency revenue [3].
*   **Throughout 2015:** Rapid depletion of foreign exchange reserves as the CBY used them to finance essential imports (food, medicine) and cover the government's widening fiscal deficit [3] [4].
*   **September 29, 2015:** IMF completes the final review under the Stand-By Arrangement, noting that the CBY was maintaining adequate levels of foreign reserves and that the exchange rate had moved in line with market conditions, a statement that would be contradicted by later reports on reserve depletion [5].","*   [1] International Monetary Fund (IMF). (2014). *Yemen: Staff Report for the 2014 Article IV Consultation*. IMF Country Report No. 14/276.
*   [2] International Development Association (IDA). (2016). *Program Document for a Proposed Grant in the Amount of SDR 14.3 Million to the Republic of Yemen for the Yemen Emergency Crisis Response Project*. Report No. 106118-CEN.
*   [3] Sana'a Center for Strategic Studies. (2016). *Yemen Without a Functioning Central Bank: The Loss of Basic Services and the Risk of Famine*.
*   [4] Reuters. (2016). *INSIGHT-How Yemen's wartime central bank keeps country afloat*.
*   [5] International Monetary Fund (IMF). (2015). *News Brief: IMF Executive Board Completes Yemen Stand-By Arrangement Review*. Press Release No. 15/441.","Medium/Low. Official 2015 audit reports or annual reports from the Central Bank of Yemen (CBY) were not available due to the onset of the conflict. Data is synthesized from pre-conflict projections (IMF 2014 Article IV) and post-facto assessments by international financial institutions (World Bank, IMF) and research centers (Sana'a Center). The figures reflect the operations of the unified CBY before the official split and relocation to Aden in September 2016.",
"Central Bank of Yemen Sana'a 2015 operations, reserves, monetary policy",Central Bank of Yemen Sana'a,"The Central Bank of Yemen (CBY) in Sana'a operated under extreme duress in 2015, with its primary function shifting from conventional monetary policy to crisis management and humanitarian financing. Following the escalation of the conflict in March 2015, the CBY lost its main sources of foreign currency, namely oil and gas export revenues and external budgetary support [5]. In response, the CBY focused its operations on rapidly depleting its foreign exchange reserves, which stood at approximately **US$4.1 billion** by the end of the year, to finance the import of essential commodities like food, fuel, and medicine, thereby attempting to stabilize the Yemeni Rial (YER) and avert a complete economic collapse [6]. The CBY maintained the policy rate (minimum rate on rial deposits) at **15%** throughout the year [2]. The banking sector faced a severe liquidity crisis, and the CBY's efforts were crucial in keeping the financial system operational, despite a significant deterioration in asset quality, with Non-Performing Loans (NPLs) reaching approximately **42%** of the non-government credit portfolio [3]. The CBY's operations in 2015 were characterized by an unprecedented level of intervention to maintain the country's lifeline, a role it continued to perform until its formal split in September 2016 [7].","*   **Gross Foreign Reserves (end-2015):** US$4.1 billion [1]
*   **Policy Rate (Minimum Rate on Rial Deposits):** 15% (maintained since February 2013) [2]
*   **Banking Sector Credit for Import Financing:** Approximately 42% of total banking sector credit [3]
*   **Non-Performing Loans (NPLs):** Approximately 42% of all bank credit portfolios to non-government credit [3]
*   **Exchange Rate (start of 2015):** Approximately 215 YER per US$ [4]","*   **March 2015:** Escalation of the conflict, leading to the cessation of oil and gas exports, which were the primary source of foreign currency for the CBY [5].
*   **Throughout 2015:** CBY's operations were focused on utilizing foreign exchange reserves to finance essential imports (food, fuel, medicine) to stabilize the economy and prevent a humanitarian crisis [6].
*   **Throughout 2015:** The CBY maintained its unified function in Sana'a, managing the monetary policy and banking sector for the entire country, despite the severe political and military instability [7].
*   **December 2015:** Gross foreign reserves declined to US$4.1 billion, a sharp drop from US$4.9 billion in September 2014, reflecting the heavy intervention to support the exchange rate and import financing [1] [8].","*   [1] World Bank. *Yemen: Gross International Reserves (end-period)*. Data cited in World Bank Document No. 106118, June 20, 2016.
*   [2] Central Bank of Yemen. *Monetary and Financial Developments Report (November 2022 Issue)*. Data cited for historical policy rate.
*   [3] ACAPS Analysis Hub. *The Yemeni Financial Sector: Challenges and Opportunities for Recovery*. July 26, 2022.
*   [4] Xinhua News Agency. *Yemeni rial plunges to historic low, worsening...*. June 29, 2025 (citing historical rate).
*   [5] Sana'a Center for Strategic Studies. *Beware of the failure of Yemen's central bank*. May 15, 2016.
*   [6] Sana'a Center for Strategic Studies. *Revitalizing Yemen's Banking Sector: Necessary Steps for...*. February 15, 2019.
*   [7] IMF. *Press Release No. 14/526: IMF Executive Board Concludes 2014 Article IV Consultation with Yemen*. September 14, 2015 (describing pre-conflict conditions and initial decline).
*   [8] Reuters. *Yemen FX reserves stabilize but borrowing balloons in political crisis*. February 19, 2015 (citing US$4.67 billion in December 2014).","Medium. The primary source (CBY 2015 Annual Report) could not be directly accessed, necessitating reliance on highly credible secondary sources (World Bank, Sana'a Center, ACAPS) that cite the original report and provide consistent figures. The data is sufficient for a detailed summary but lacks the full granularity of a primary financial statement.",
"CAC Bank Yemen 2015 audit report, assets, deposits, loans, NPLs",CAC Bank Yemen,"The Cooperative and Agricultural Credit Bank (CAC Bank) operated in 2015 under the extreme duress of the escalating political crisis and economic instability in Yemen, which the auditor noted created significant uncertainty regarding the Group's ability to continue as a going concern [7]. Despite the challenging environment, the Bank maintained a strong financial position, particularly in terms of liquidity and capital adequacy. Total Consolidated Assets reached **359,163,498,000 YER** as of December 31, 2015 [2]. Customer Deposits, a key indicator of public trust, remained robust at **309,577,769,000 YER** [2]. The Bank's operational stability was underscored by a high Liquidity Ratio of **83.73%**, far surpassing the Central Bank of Yemen's minimum requirement of 25% [5]. Furthermore, the Capital Adequacy Ratio was **39.6%**, well above the CBY's minimum of 8% [4]. However, the crisis severely impacted the loan portfolio, with Gross Non-Performing Loans (NPLs) amounting to **17,674,111,000 YER** [3], though the Bank maintained a substantial provision of **17,398,235,000 YER** against these exposures [3]. The Bank also reduced its physical footprint, operating with 49 branches compared to 53 in the previous year [6]. The financial statements, audited by Grant Thornton Yemen, were approved by the Board of Directors on June 1, 2016 [6].","*   **Total Assets (Consolidated):** 359,163,498,000 YER [2]
*   **Customer Deposits:** 309,577,769,000 YER [2]
*   **Net Loans, Advances, and Financing Activities:** 38,138,851,000 YER [2]
*   **Gross Non-Performing Loans (NPLs):** 17,674,111,000 YER [3]
*   **Total Provision for Loans and Financing Activities:** 17,398,235,000 YER [3]
*   **Capital Adequacy Ratio:** 39.6% [4]
*   **Liquidity Ratio:** 83.73% (CBY minimum is 25%) [5]
*   **Number of Branches:** 49 (down from 53 in 2014) [6]","*   **Early 2015:** Escalation of the conflict in Yemen, leading to severe political and economic instability, which significantly impacted the banking sector and the Group's operations [7].
*   **December 31, 2015:** The Group's liquidity ratio stood at 83.73%, significantly exceeding the Central Bank of Yemen's minimum requirement of 25% [5].
*   **June 1, 2016:** The Consolidated Financial Statements for the year ended December 31, 2015, were approved by the Bank's Board of Directors [6].
*   **Throughout 2015:** The Bank reduced its branch network from 53 to 49 branches across the governorates of the Republic of Yemen [6].","*   **Cooperative and Agricultural Credit Bank (CAC Bank)**, *Consolidated Financial Statements and Independent Auditor's Report for the year ended December 31, 2015*, Grant Thornton Yemen, Approved June 1, 2016. [1]
*   **Cooperative and Agricultural Credit Bank (CAC Bank)**, *Consolidated Statement of Financial Position as at December 31, 2015*, Page 5. [2]
*   **Cooperative and Agricultural Credit Bank (CAC Bank)**, *Note 10: Provision for Loans, Advances and Financing Activities (Performing and Non-Performing)*, Page 35. [3]
*   **Cooperative and Agricultural Credit Bank (CAC Bank)**, *Note 6: Capital Management*, Page 31. [4]
*   **Cooperative and Agricultural Credit Bank (CAC Bank)**, *Note 5.1.e: Liquidity risk*, Page 23. [5]
*   **Cooperative and Agricultural Credit Bank (CAC Bank)**, *Note 1: Background Information*, Page 7. [6]
*   **Cooperative and Agricultural Credit Bank (CAC Bank)**, *Note 45: Political Crisis and Economic Situation*, Page 47. [7]","Medium. The data is sourced from the official Consolidated Financial Statements audited by Grant Thornton Yemen [1]. However, the statements were prepared during a period of severe political crisis and economic instability in Yemen, which the auditor notes created significant uncertainty, particularly regarding the recoverability of assets and the going concern assumption [1]. The financial figures are presented in Yemeni Rials (YR 000s), and the lack of a reliable, consistent exchange rate for 2015 prevents accurate conversion to USD, which is a limitation for international comparison.",
"Yemen Kuwait Bank 2015 audit report, assets, deposits, loans, NPLs",Yemen Kuwait Bank,"The Yemen Kuwait Bank (YKB) operated in 2015 under extremely difficult economic, political, and security conditions following the escalation of the conflict in March 2015, which led to a severe economic contraction in the Yemeni market. Despite these challenges, the bank demonstrated resilience in its balance sheet, with Total Assets growing by 26% to YER 121.8 billion and Customer Deposits increasing by 24% to YER 107.9 billion, reflecting a continued, albeit cautious, public trust. Operationally, the bank maintained a strong Capital Adequacy Ratio of 21.12%, far exceeding the regulatory minimum, and adopted a prudent strategy focused on balancing liquidity and safety, which allowed it to fulfill all its obligations to customers. However, the crisis severely impacted the bank's profitability, resulting in a **Net Loss of YER 333.5 million** for the year, a sharp reversal from the YER 405.9 million profit recorded in 2014. This loss was primarily attributed to a **YER 1.4 billion deficit in the debt provision**, necessitated by the inability of customers to service their loans amidst the war and the closure of some branches, indicating a significant rise in Non-Performing Loans (NPLs). Net Loans and Advances decreased from YER 20 billion to YER 18.4 billion, reflecting the bank's cautious lending posture in the high-risk environment.","*   **Total Assets:** YER 121.8 billion (as of December 31, 2015)
*   **Customer Deposits:** YER 107.9 billion (as of December 31, 2015), representing a 24% growth from 2014
*   **Net Loans and Advances:** YER 18.4 billion (as of December 31, 2015), a decrease from YER 20 billion in 2014
*   **Net Loss:** YER 333.5 million (for the year 2015), compared to a profit of YER 405.9 million in 2014
*   **Capital Adequacy Ratio:** 21.12% (significantly exceeding the Basel requirement of 8%)
*   **Provision for Debt Deficit (NPL-related):** YER 1.4 billion (the primary cause of the net loss)","*   **March 2015:** The conflict escalated with the start of the Saudi-led coalition's military intervention (Operation Decisive Storm), marking the beginning of the full-scale civil war and leading to an immediate and severe economic contraction (Yemen's GDP contracted by nearly 30% from 2014 to 2015).
*   **Throughout 2015:** The collapse of oil production and exports resulted in a significant loss of foreign currency revenue for the government, creating mounting financial pressures and liquidity challenges across the entire Yemeni banking sector.
*   **Throughout 2015:** The difficult economic and security conditions, coupled with a drop in expatriate remittances, severely impacted the ability of the bank's customers to repay debts, leading directly to a substantial increase in non-performing loans and the need for a YER 1.4 billion debt provision.","*   Althawrah.ye. ""بنك اليمن والكويت يناقش نشاطه المالي للسنة المنتهية 2015م"" (Yemen Kuwait Bank discusses its financial activity for the year ended 2015). Published April 1, 2017. (Citing the 37th Annual General Assembly report for the year ended December 31, 2015).
*   World Bank. *Yemen Financial Sector Diagnostics*. April 5, 2024. (For contextual information on the financial sector and GDP contraction).
*   Overseas Development Institute (ODI). *Impact of conflict on the financial sector in Yemen*. 2021. (For contextual information on the banking sector and conflict impact).","Medium: Primary financial metrics (assets, deposits, loans, net loss) are sourced directly from the bank's reported figures presented at its Annual General Assembly. However, the full, independent audit report was not obtained, and the data relies on a single secondary source (a news report of the AGM), which is a significant limitation given the extreme data scarcity and political fragmentation in Yemen for the year 2015.",
"National Bank of Yemen 2015 audit report, assets, deposits, loans, NPLs",National Bank of Yemen,"The National Bank of Yemen (NBY) operated in 2015 under extreme duress due to the escalating economic crisis and political turmoil in Yemen, a situation the independent auditor noted as having an unpredictable final resolution that could adversely affect the bank's operations. Despite the crisis, the bank maintained a strong deposit base, with **Customers' Deposits** reaching **YR 159,721,557 thousand** as of December 31, 2015. However, the bank's lending activities were severely impacted, with **Net Loans and Advances** standing at only **YR 7,600,249 thousand**. The most significant operational challenge was the sharp deterioration of asset quality, with **Non-Performing Loans and Advances (NPLs)** surging to **YR 5,349,836 thousand** (after specific deductions), a substantial increase from the YR 3,571,332 thousand reported in 2014. This increase in NPLs contributed to the bank recording an **Accumulated Loss** of **YR 1,039,121 thousand** by year-end. The bank's **Total Assets** were reported at **YR 177,516,965 thousand**, with a significant portion held in Treasury Bills and balances with the Central Bank of Yemen, reflecting a highly cautious and illiquid operating environment. The financial statements were prepared in accordance with IFRS and CBY instructions, but the auditor included an ""Emphasis of Matter"" due to the ongoing crisis, underscoring the high-risk nature of the reported figures.","*   **Total Assets (as of December 31, 2015):** YR 177,516,965 thousand
*   **Customers' Deposits (as of December 31, 2015):** YR 159,721,557 thousand
*   **Loans and Advances (Net, as of December 31, 2015):** YR 7,600,249 thousand
*   **Gross Loans and Advances (as of December 31, 2015):** YR 8,510,000 thousand (Calculated as Net Loans + Provision for Loans and Advances)
*   **Provision for Loans and Advances (as of December 31, 2015):** YR 909,751 thousand
*   **Non-Performing Loans and Advances (NPLs, as of December 31, 2015):** YR 5,349,836 thousand (after deducting uncollected interest and cash-secured balances)
*   **Accumulated Loss (as of December 31, 2015):** YR 1,039,121 thousand
*   **Total Equity (as of December 31, 2015):** YR 14,226,333 thousand","*   **Throughout 2015:** The continuing economic crisis and political turmoil in Yemen significantly impacted the bank's operations and the Yemeni economy, leading to unpredictable final resolutions for certain financial matters.
*   **December 31, 2015:** The bank reported a significant increase in Non-Performing Loans and Advances to YR 5,349,836 thousand, up from YR 3,571,332 thousand in 2014, reflecting the severe deterioration of the credit environment due to the conflict.
*   **December 31, 2015:** The bank recorded an Accumulated Loss of YR 1,039,121 thousand, indicating the financial strain of the operating environment.
*   **November 27, 2016:** The independent auditor's report was signed in Sana'a, highlighting the delayed finalization of the 2015 financial statements due to the operational challenges and political split.","*   National Bank of Yemen (NBY). *Financial Statements for the Year Ended December 31, 2015 and Independent Auditor's Report*. Aden, Republic of Yemen. Signed November 27, 2016.
*   KPMG Yemen Mejanni & Co. *Independent Auditor's Report on the Financial Statements of National Bank of Yemen for the year ended December 31, 2015*. Sana'a, November 27, 2016.
*   World Bank. *YEM Sana'a- R.O. Yemen THE FINANCIAL STATEMENTS as of December 31, 2015*. Document ID: 786431468372391029. Date: Unknown (Referencing the NBY report).","Low. Data is sourced from a single primary document (the NBY 2015 Financial Statements) which was difficult to extract text from, requiring manual visual confirmation and text-based searching. The document itself contains an ""Emphasis of Matter"" note indicating the financial statements were prepared under conditions of continuing economic crisis and political turmoil, making the final resolution of certain matters unpredictable. Specific metrics like the number of borrowers are not available in the public portion of the financial statements. The figures are in Yemeni Riyal (YR 000s) and are unaudited by an external body due to the crisis.",
"Yemen Commercial Bank 2015 audit report, assets, deposits, loans, NPLs",Yemen Commercial Bank,"The year 2015 was defined by the severe operational and financial disruption caused by the escalation of the conflict in March 2015, which plunged the Yemeni banking sector, including Yemen Commercial Bank (YCB), into a profound crisis [1] [2]. The conflict led to a collapse in government revenue, a widening balance of payments deficit, and a sharp decline in foreign currency supply, directly impacting the bank's liquidity and asset quality [3]. YCB, like its peers, faced immense challenges, including a significant rise in credit risk, evidenced by the sector-wide non-performing loan (NPL) ratio averaging approximately **25%** [4]. The Central Bank of Yemen (CBY) attempted to mitigate the crisis by implementing measures to shore up foreign currency supplies and limit local market access, which further complicated commercial banking operations [5]. The bank's operations were largely focused on survival and managing the extreme liquidity crunch, with a significant portion of the sector's credit (**42%**) already allocated to import financing, a vulnerable portfolio in the context of the war [6]. The absence of a stable operating environment and the subsequent split of the CBY in late 2016 further cemented the difficulty in maintaining normal financial operations throughout 2015 [4].","*   Non-Performing Loans (NPLs) Ratio (Sector-wide): Approximately **25%** [4].
*   Credit Allocation (Sector-wide): **42%** of total banking sector credit was allocated to import financing [6].
*   Total Loans (Yemen Banking System, Jan 2015): **2.520 USD billion** [7].
*   Net Foreign Assets (Commercial Banks, Jan 2015): **2.090 USD billion** (a decrease from the previous period) [8].
*   Assets, Deposits, and Loans (YCB Specific): Unavailable from public primary sources.","*   **March 2015:** Escalation of the conflict in Yemen, marking the onset of a severe economic and financial crisis [1] [2].
*   **2015 (Throughout):** Central Bank of Yemen (CBY) implemented measures to preserve diminishing foreign currency reserves and limit local market access to foreign exchange [5].
*   **2015 (Throughout):** Significant increase in credit risk across the banking sector, leading to a sector-wide NPL ratio of approximately 25% [4].
*   **2015 (Throughout):** Commercial banks, including YCB, faced a severe liquidity crunch and operational challenges due to the war and the disruption of the financial system [1] [5].","*   [1] Sana'a Center for Strategic Studies. *Revitalizing Yemen's Banking Sector: Necessary Steps for...* (February 15, 2019).
*   [2] World Bank. *Yemen Economic Monitor*. (October 15, 2024).
*   [3] IMF. *The Impact of Conflict and Political Instability on Banking...* (February 28, 2020).
*   [4] Shawtari, F. A. *The banking sector in Yemen: current status, prospects and challenges*. (2019).
*   [5] Sana'a Center for Strategic Studies. *ADDRESSING THE CRUSHING WEIGHT OF YEMEN'S...* (December 31, 2015).
*   [6] ACAPS. *The Yemeni Financial Sector*. (July 26, 2022).
*   [7] CEIC Data. *Yemen Total Loans*. (Jan 2015).
*   [8] CEIC Data. *Yemen Banking System: Net Foreign Assets*. (Jan 2015).","Low with brief explanation: Direct, primary-source financial data (audit reports, balance sheets) for Yemen Commercial Bank for the year 2015 is not publicly available due to the severe disruption caused by the conflict and the subsequent breakdown of the Central Bank of Yemen's reporting mechanisms. The information provided is synthesized from authoritative secondary sources, including academic research, World Bank reports, and think tank analyses, which primarily offer sector-wide estimates (e.g., NPL ratio, credit allocation) and contextual information. Specific, bank-level figures for assets, deposits, and loans are therefore estimates or based on sector averages.",
"International Bank of Yemen 2015 audit report, assets, deposits, loans, NPLs",International Bank of Yemen,"The International Bank of Yemen (IBY) operated in 2015 under the severe duress of the escalating conflict, which led to a significant deterioration in its financial health and operational environment. The bank's total assets stood at YER 446 billion (approximately USD 2.07 billion) at the end of 2015 [1]. The bank maintained a cautious lending posture, reflected by a low Loan-to-Deposit Ratio of 34.8% and a Loan-to-Asset Ratio of 30.8% [3]. The most significant impact of the crisis was evident in the quality of its loan portfolio, with the Non-Performing Loan (NPL) ratio soaring to 21.9% of total credit facilities [3]. This high NPL ratio, corresponding to YER 30.084 billion in classified facilities, indicated a substantial level of distressed assets due to the war's economic fallout. Furthermore, the bank's provisions for doubtful debts covered only 46.9% of these classified facilities, totaling YER 14.109 billion, suggesting a significant exposure to credit risk [2] [3]. The operational landscape was defined by a severe liquidity crisis and a sharp decline in foreign currency supply, which were direct consequences of the conflict and the effective fragmentation of the Central Bank of Yemen's authority [4].","*   **Total Assets:** YER 446 billion (equivalent to approximately USD 2.07 billion) [1]
*   **Total Deposits:** YER 394.736 billion [2]
*   **Total Loans (Direct Credit Facilities):** YER 137.368 billion [2]
*   **Non-Performing Loans (Classified Facilities):** YER 30.084 billion [2]
*   **NPL Ratio (Classified facilities / total credit facilities):** 21.9% [3]
*   **Loan-to-Asset Ratio:** 30.8% [3]
*   **Loan-to-Deposit Ratio:** 34.8% [3]
*   **Provision for doubtful debts / total credit facilities classified:** 46.9% [3]
*   **Risk Assets / Total Assets:** 25.5% [3]","*   **March 2015:** Escalation of the conflict and the start of the Saudi-led intervention, marking the beginning of severe economic and financial instability [4].
*   **Early 2015:** The official exchange rate was approximately YER 215 per USD, a rate that would begin to diverge significantly later in the year due to the conflict [5].
*   **Throughout 2015:** The bank, along with the wider Yemeni financial sector, experienced a sharp decline in foreign currency supply and a widening balance of payments deficit due to the halt of hydrocarbon exports and the war [4].
*   **End of 2015:** The bank's total assets were YER 446 billion, reflecting the initial impact of the crisis on the bank's size and operations [1].","*   CI Ratings. *CI Suspends International Bank Of Yemen's Ratings*. Yemen Watch, 2016. (Source for Total Assets and USD equivalent).
*   Syed Azharuddin, Hussein Mussed Rageh Al-Arasib. *Banking Risks' Impact on Credit Facilities Mentioning Latter's Volume, Their Relationship and Determinants at Conventional Banks Operating in Yemen*. 31st ISTANBUL International Conference on “Education, Economics, Humanities and Social Sciences” (EEHSS-23), May 2023. (Source for financial ratios, citing CBY reports and IBY annual balance sheet).
*   Sana'a Center for Strategic Studies. *Revitalizing Yemen's Banking Sector*. 2020. (Source for operational context and CBY fragmentation).
*   Raga, S., Binat Sarwar, M., Taraboulsi-McCarthy, S. and al-Jeddawy, Y. *Impact of conflict on the financial sector in Yemen: implications for food security*. ODI Working Paper, December 2021. (Source for context on conflict impact and exchange rate).","Medium. Absolute financial figures for Total Assets (YER 446 billion) and the USD equivalent ($2.07 billion) were sourced from a CI Ratings report via a news snippet. Other key metrics (Deposits, Loans, NPLs) were calculated using this absolute figure and precise financial ratios (e.g., NPL ratio of 21.9%) extracted from a peer-reviewed academic paper that cited Central Bank of Yemen reports and the bank's annual balance sheet. Direct access to the official 2015 audit report or annual report was not possible due to broken links and the conflict-related fragmentation of the financial sector, necessitating reliance on secondary sources for the primary data points.",
"Tadhamon International Islamic Bank Yemen 2015 audit report, assets, deposits, loans",Tadhamon International Islamic Bank Yemen,"The year 2015 was marked by severe political, security, and economic crises in Yemen, which began to escalate significantly from **March 2015** and resulted in a sharp decline in the country's overall business and economic activities. Tadhamon International Islamic Bank (TIIB) faced substantial operational challenges, reflected in a significant deterioration of its financial performance. The bank recorded a **Net Loss** for the year after income tax of **YR 2,426,185 thousand** in its separate financial statements, a dramatic increase from the YR 118,528 thousand loss reported in 2014. Despite the crisis, the bank maintained a strong liquidity position, with **Cash on hand and reserve balances with the Central Bank of Yemen (CBY)** totaling **YR 44,901,774 thousand**. The bank's total **Assets** decreased slightly to **YR 500,555,927 thousand** from YR 515,904,930 thousand in 2014, while **Total Equity** grew to **YR 60,061,010 thousand** from YR 56,308,730 thousand, indicating a degree of resilience in its capital base. The bank's financing and investment portfolio, which serves as a proxy for its lending and investment activities, stood at **YR 66,424,201 thousand**. The management acknowledged the operating environment's volatility in Note 53, confirming that the financial statements were prepared based on management's estimates of fair values and a budget plan for 2016, underscoring the extraordinary circumstances under which the bank operated. The Independent Auditor's Report issued an unqualified opinion, stating the financial statements were presented fairly in accordance with AAOIFI standards and CBY instructions.","* Total Assets (Consolidated): YR 500,555,927 thousand (equivalent to approximately USD 2,328 million at the pre-crisis exchange rate of YR 215/USD)
* Total Liabilities (Consolidated): YR 440,494,917 thousand
* Total Equity (Consolidated): YR 60,061,010 thousand
* Cash on hand and reserve balances with Central Bank of Yemen (CBY): YR 44,901,774 thousand
* Due from banks and financial institutions: YR 99,590,562 thousand
* Financing and Investment Portfolio (Net): YR 66,424,201 thousand (comprising YR 35,088,898 thousand in Murabaha and Istisna'a and YR 31,335,303 thousand in Mudaraba and investment contracts)
* Investment in Islamic Sukuk: YR 88,028,900 thousand
* Net Loss for the year after income tax (Separate Financial Statements): YR 2,426,185 thousand
* Loss per share (Separate Financial Statements): YR 121.31","* **March 2015:** The political, security, and economic crises in the Republic of Yemen intensified, marking the start of a significant decline in the country's business and economic activities.
* **Throughout 2015:** The bank's operations were severely impacted by the continuing crisis, leading to a substantial increase in net loss from YR 118,528 thousand in 2014 to YR 2,426,185 thousand in 2015.
* **December 31, 2015:** The bank's management prepared the financial statements based on estimates of the fair values of assets and liabilities, acknowledging the difficulty in predicting the final resolution and effects of the ongoing events.","* Tadhamon International Islamic Bank. *Consolidated Financial Statements and Independent Auditor's Report for the year ended December 31, 2015 (English Translation of the Original Arabic Text)*. 2016.
* Tadhamon International Islamic Bank. *Annual Reports - Tadhamon Bank (Web Page)*. Accessed December 9, 2025.","Medium: The primary source is the bank's own 2015 Consolidated Financial Statements, which provides detailed, audited figures. However, the document is an English translation of the original Arabic text, and specific operational metrics like NPL ratio and exact borrower count are not explicitly summarized in the main tables, requiring reliance on the broader financing/investment figures as a proxy for portfolio size. The data is considered reliable due to the audit but incomplete for certain granular metrics.",
"Yemen Islamic Bank 2015 audit report, assets, deposits, loans",Yemen Islamic Bank,"The Yemen Islamic Bank (YIB) operated under extremely challenging conditions in 2015 following the escalation of the civil war in March. The conflict led to a severe liquidity crisis across the Yemeni banking sector, a de facto split of the Central Bank of Yemen (CBY), and a near-total cessation of normal banking activities. While official 2015 financial statements are unavailable, proxy data from late 2014 suggests YIB was a significant player in the Islamic banking sector. For instance, in late 2014, the bank's total assets were approximately 19,110 million YER, with deposits at 9,746 million YER, and loans/financing at 13,161 million YER [1]. The 2015 operations were dominated by crisis management, including navigating the physical and financial fragmentation of the country, managing severe cash shortages, and dealing with the collapse of the national payment system. The bank's performance was severely hampered by the war's direct and indirect impacts, including the disruption of foreign trade and the freezing of international correspondent banking relationships, making it impossible to conduct normal international transactions [2].","* Total Assets (Late 2014 Proxy): 19,110,000,000 YER [1]
* Total Deposits (Late 2014 Proxy): 9,746,000,000 YER [1]
* Total Loans/Financing (Late 2014 Proxy): 13,161,000,000 YER [1]
* Equity (Late 2014 Proxy): 4,596,000,000 YER [1]
* NPLs/Portfolio/Borrowers: Data for 2015 is unavailable due to the crisis [3].","* **March 2015:** Escalation of the Yemeni Civil War and the start of the Saudi-led coalition intervention, leading to a severe disruption of the financial sector.
* **2015 (Throughout):** Severe liquidity crisis in the banking sector due to the war, leading to a halt in many banking operations and a breakdown of the national payment system [2].
* **2015 (Throughout):** De facto split of the Central Bank of Yemen (CBY) operations, creating regulatory uncertainty and operational challenges for all banks, including YIB [2].
* **2015 (Throughout):** Suspension of most international correspondent banking relationships, severely limiting YIB's ability to process foreign transactions [2].","* [1] World Bank. (2013). *Project Appraisal Document on a Proposed Grant to the Republic of Yemen for a Financial Infrastructure Development Project* (Report No: 78624-YE). Data is a proxy from a table in the document, likely representing late 2014 figures in Million YER.
* [2] Sana'a Center for Strategic Studies. (Undated). *Revitalizing Yemen's Banking Sector*. Analysis of the banking sector crisis and war impact.
* [3] Bushara, M. O. A., Yaaqob, A. M. A., & Abu-Bakr, I. M. H. (2018). *Cost efficiency of Yemen Islamic banks: An inefficiency effects approach (2002-2014)*. Gezira Journal of Agricultural Science, 16(2), 149-163. Used for contextual information on YIB's pre-2015 position.
* [4] Central Bank of Yemen. (2015). *Annual Report 2015*. (Source cited by secondary reports, but direct access to the full report was not possible).","Medium. Direct, official 2015 financial statements or audit reports for Yemen Islamic Bank could not be located due to the severe disruption of the financial sector caused by the civil war. The financial metrics provided are proxies, likely representing late 2014 figures, extracted from a World Bank document. The operations summary and key events are based on strong, corroborated secondary and academic sources detailing the impact of the 2015 crisis on the Yemeni banking sector.",
"Saba Islamic Bank Yemen 2015 audit report, assets, deposits, loans",Saba Islamic Bank Yemen,"Saba Islamic Bank (SIB) concluded the year ended December 31, 2015, with **Total Assets** of **184,219,130 thousand Yemeni Rials (YER '000)**, reflecting the bank's financial position amidst the escalating conflict and economic crisis in Yemen [1]. The bank's operations were severely impacted by the conflict, which began in early 2015 and triggered a prolonged liquidity crisis across the Yemeni banking sector [2]. SIB's primary funding source, **Customer Deposits and Balances Due to Banks/FIs**, stood at **170,570,570 YER '000** [1]. The bank's core business of Sharia-compliant financing, represented by its **Financing Portfolio** (Murabaha, Mudaraba, Musharaka, Ijarah), totaled **5,212,455 YER '000** [1]. Operationally, 2015 was marked by the Central Bank of Yemen's efforts to shore up foreign currency supplies, which led to commercial banks limiting customer withdrawals and a significant shift of financial activity to the informal market due to the financial blockade [2]. The bank's auditor, KPMG, included a Matter of Emphasis in the report, highlighting the continuing economic and political instability in Yemen and its potential negative impact on the bank's operations and financial position [1].","*   **Total Assets:** 184,219,130 thousand Yemeni Rials (YER '000)
*   **Total Liabilities:** 176,570,570 thousand Yemeni Rials (YER '000)
*   **Customer Deposits and Balances Due to Banks/FIs (Inferred):** 170,570,570 thousand Yemeni Rials (YER '000)
*   **Financing Portfolio (Murabaha, Mudaraba, Musharaka, Ijarah):** 5,212,455 thousand Yemeni Rials (YER '000)
*   **Total Equity:** 7,648,560 thousand Yemeni Rials (YER '000)","*   **Early 2015:** Escalation of the conflict in Yemen, leading to a precipitous decline in economic activity and the start of a prolonged liquidity crisis in the banking sector [2].
*   **Throughout 2015:** The Central Bank of Yemen (CBY) began drawing down on its domestic and foreign currency reserves to fund public expenditures and finance imports [2].
*   **Throughout 2015:** CBY took action to shore up foreign currency supplies by limiting local market access, while commercial banks, including Saba Islamic Bank, began limiting customer withdrawals [2].
*   **Throughout 2015:** The financial blockade of the country severely curtailed commercial banks' ability to carry out international financial transactions, leading to a mass migration of financial flows from the formal to the informal economy [2].","*   Saba Islamic Bank. (2016). *Consolidated Financial Statements for the year ended 31 December 2015*. [1]
*   San'a Center for Strategic Studies. (2019). *Revitalizing Yemen's Banking Sector: Necessary Steps for Restarting Formal Financial Cycles and Basic Economic Stabilization*. [2]","Medium. Financial data (Assets, Deposits, Financing) is sourced directly from the bank's 2015 Consolidated Financial Statements, providing high reliability for the reported figures. However, the data is in YER '000, and the operational context is derived from secondary sources (San'a Center report, World Bank), which, while authoritative, do not provide granular, bank-specific operational details for 2015 beyond the general sector-wide crisis. Specific metrics like NPLs and number of borrowers are not available in the public documents found.",
"Al Kuraimi Islamic Microfinance Bank Yemen 2015 operations, borrowers, portfolio",Al Kuraimi Islamic Microfinance Bank Yemen,"Despite the severe operational challenges posed by the escalation of the civil conflict in March 2015, Al Kuraimi Islamic Microfinance Bank (KIMB) demonstrated remarkable resilience and growth, positioning itself as a critical financial intermediary in Yemen. The bank's total assets reached **YER 120,500 million** by December 31, 2015, supported by substantial total deposits of **YER 109,500 million** [1]. The bank's financing portfolio stood at **YER 7,000 million** [1]. KIMB's operational performance was strong, with an impressive efficiency score of **95.67%** as of December 2015 [3]. The bank significantly expanded its outreach, serving **1,120,000 savers** and **11,350 active borrowers** [2]. Notably, the bank's services were highly inclusive, with **82%** of its savers being women [4]. The instability in the commercial banking sector during the crisis allowed KIMB to capture a dominant **91%** of the microfinance sector's growth in 2015 [5]. The bank was also involved in crisis response, participating in the **ROSE Initiative** to provide relief to affected customers [6].","*   **Total Assets (as of December 31, 2015):** YER 120,500 million [1]
*   **Total Deposits (as of December 31, 2015):** YER 109,500 million [1]
*   **Total Financing/Loans (as of December 31, 2015):** YER 7,000 million [1]
*   **Number of Savers/Customers (as of December 31, 2015):** 1,120,000 [2]
*   **Number of Active Borrowers (as of December 31, 2015):** 11,350 [2]
*   **Efficiency Score (as of December 2015):** 95.67% [3]
*   **Female Savers:** 82% of savers were women [4]
*   **Microfinance Sector Growth Share:** Captured 91% of the microfinance sector's growth in 2015 [5]","*   **March 2015:** Escalation of the conflict in Yemen, leading to a severe deterioration of the operating environment and the temporary suspension of World Bank Group/IFC operations in the country [2].
*   **Throughout 2015:** KIMB continued to operate and expand its outreach, capitalizing on the perceived instability of commercial banks, which led to it capturing 91% of the microfinance sector's growth [5].
*   **2015 (Date not specified):** The bank participated in the **ROSE Initiative** (Relief and Opportunities for Social and Economic Development), a self-effort by the Yemen Microfinance Network to provide sustained relief to customers affected by the crisis [6].
*   **2015 (Date not specified):** The IFC Advisory Services project (Project ID 599449), aimed at strengthening KIMB's institutional capacity, was active but later terminated due to the conflict [2].","*   Al-Kuraimi Islamic Microfinance Bank. (2021). *Financial Statements for the Year Ended 31 December 2020 and Independent Auditor's Report* (Comparative 2015 data). [1]
*   World Bank Group. (2016, July 11). *Completion and Learning Review (CASCR) for the Republic of Yemen (FY10-FY15)* (Report No. 106946). [2]
*   Alshebami, A. S., & Rengarajan, V. (2018). An Evaluation Study of Efficiency of Microfinance Institutions in Yemen. *World Journal of Business and Management*, *4*(2), 95-104. (December 2015 data). [3]
*   World Bank. (2017, March). *Yemen: Private Sector Note* (Report No. 113888-YE). [4]
*   Sana'a Center for Strategic Studies. (2024, September 23). *Enhancing the Role of Microfinance Banks for Sustainable Development*. [5]
*   Yemen Microfinance Network (YMN). (2016). *Annual Report 2015/2016*. [6]","Medium/Low. Direct 2015 annual reports or audited financial statements from the institution were not available. Key financial metrics (assets, deposits, financing) were sourced from the comparative figures presented in the bank's 2020 audited financial statements, which are considered reliable but lack detailed breakdown. Outreach and operational data (borrowers, savers, efficiency) were successfully extracted from authoritative secondary sources, including World Bank Group reports, the Yemen Microfinance Network, and academic studies, all citing 2015 figures. The data is sufficient to construct a comprehensive summary but is limited to high-level figures.",
"Cooperative & Agricultural Credit Bank Yemen 2015 audit report, operations",Cooperative & Agricultural Credit Bank Yemen,"The Cooperative & Agricultural Credit Bank (CAC Bank) operated in 2015 under the severe repercussions of the political crisis and general risks facing Yemen, which significantly impacted the banking sector. Despite these challenges, the bank managed to realize a consolidated net profit after taxes of **YR 2,351,419 thousand** (approximately YR 2.35 billion) [2]. The bank's strategy focused on maintaining stability and supporting the national economy, even at the cost of incurring ""expensive costs"" to stabilize the Yemeni rial exchange rate and continue offering essential banking services [1]. The bank demonstrated resilience by increasing its ATM network to **189** and focusing on the retail sector by introducing the **Union Pay family cards** and contracting with **Ria** to facilitate expatriate remittances [1]. However, the conflict necessitated the temporary closure of many branches and offices, leading to vast expenses, though the bank continued to pay employee entitlements in unstable areas [1]. The bank also maintained its developmental role by contributing to the financing of **solar energy pumps for farmers** [1]. Total consolidated assets stood at **YR 359,163,498 thousand** at year-end, with customer deposits at **YR 309,577,769 thousand** [2]. The auditor's report noted an ""Emphasis of Matter"" regarding the political crisis, economic situation, and security events in Yemen, highlighting the extraordinary operating environment [2].","*   **Total Assets (Consolidated, Dec 31, 2015):** YR 359,163,498 thousand
*   **Customers' Deposits (Consolidated, Dec 31, 2015):** YR 309,577,769 thousand
*   **Loans, advances and financing activities, net (Consolidated, Dec 31, 2015):** YR 38,138,851 thousand
*   **Net Profit for the year after taxes (Consolidated, 2015):** YR 2,351,419 thousand
*   **Share Capital (Dec 31, 2015):** YR 17,000,000 thousand
*   **Total Equity (Consolidated, Dec 31, 2015):** YR 21,934,829 thousand
*   **Impairment Loss on Investments Securities (2015):** YR 1,177,802 thousand
*   **Provisions (2015):** YR 6,170,978 thousand","*   **Throughout 2015:** The bank was directly impacted by the general risks and political crisis in Yemen, which affected the entire banking sector.
*   **2015:** The bank incurred significant costs to support the national economy and maintain the stability of the Yemeni rial exchange rate.
*   **2015:** The bank was compelled to close, on a temporary basis, many of its branches and offices due to the unstable circumstances, though it continued paying employees' entitlements in those areas.
*   **2015:** The number of ATMs was increased to **189** to support the retail sector.
*   **2015:** A new product, the **Union Pay family cards**, was introduced.
*   **2015:** A contract was concluded with **Ria**, the third largest international transfer company, to facilitate transfers for Yemeni expatriates.
*   **2015:** The bank contributed to providing finance for **solar energy pumps for farmers** to support the agricultural sector.","*   Cooperative and Agricultural Credit Bank. *Annual Report 2015*. CAC Bank, 2016. (Source for operational narrative and key events)
*   Cooperative and Agricultural Credit Bank. *Financial statements and independent auditor's report (December 31, 2015)*. Audited by Grant Thornton Yemen, June 5, 2016. (Source for financial metrics)","Medium: Primary source documents (Annual Report and Audited Financial Statements) for 2015 were successfully located and downloaded from the institution's official website. However, the full detail for key metrics like Gross Loans and NPL ratio is not immediately available from the visible pages, and there is a significant discrepancy in the reported net profit figure between the Chairman's narrative (2,400 billion rials) and the audited financial statement (2.351 billion rials). The audited statement figure is used for metrics.",
"Yemen Bank for Reconstruction and Development 2015 audit report, operations",,,,,,,
"Al-Amal Microfinance Bank Yemen 2015 annual report, borrowers, portfolio, humanitarian response",Al-Amal Microfinance Bank Yemen,"The year 2015 was marked by the escalation of the national crisis into a full-scale war in March, which severely impacted Al-Amal Microfinance Bank's (AMB) operations and financial performance. The Bank implemented a comprehensive **Contingency Plan** to navigate the crisis, focusing on reducing the size of its lending activities and keeping expenses to a minimum, which resulted in a 20% reduction in staff expenses. Despite these efforts, the Bank recorded a significant **Net Loss of YER 657,038,954** for the year, a sharp reversal from the YER 100,746,947 profit in 2014. Total revenues dropped by 43% to YER 601,868,119. The most significant financial impact was the nearly eight-fold (778%) increase in Net Loan Loss Expenses to YER 477,162,216, driven by the Social Welfare Fund's (SWF) inability to repay loans to SWF-enlisted clients, which constituted **54% of the total loan portfolio**. Operationally, AMB adapted by reducing credit ceilings, maintaining branch operations in conflict-ridden areas where possible, and adjusting its financial services. This included introducing financing for **solar power systems** to address the permanent power failure and expanding support for foodstuff vendors. Furthermore, the Bank prioritized its **Social Transfers/Remittances scheme** as the primary financial service during the crisis, developing an automated system for field disbursement using tablet devices by late 2015. As of December 31, 2015, the Bank maintained **Total Assets of YER 12,290,999,421** and a **Net Loan Portfolio of YER 8,276,086,170**. The Bank was a leading actor in the microfinance sector, holding approximately 39% of the total active borrowers among ten MFIs in September 2015, equating to roughly 39,730 active clients.","*   **Total Assets:** YER 12,290,999,421 (as of Dec 31, 2015)
*   **Total Deposits from Customers:** YER 1,409,873,594 (as of Dec 31, 2015)
*   **Net Loans and Advances to Customers:** YER 8,276,086,170 (as of Dec 31, 2015)
*   **Net Loss for the Year:** YER (657,038,954) (compared to a YER 100,746,947 profit in 2014)
*   **Total Revenues:** YER 601,868,119 (a 43% decrease from 2014)
*   **Net Loan Loss Expenses (Provision):** YER 477,162,216 (a 778% increase from 2014)
*   **Portfolio at Risk (SWF-enlisted clients):** 54% of the total loan portfolio was at risk due to the Social Welfare Fund's inability to repay loans.
*   **Active Borrowers:** Approximately 39,730 active borrowers (39% of the 101,871 total active clients for ten MFIs in September 2015).
*   **Implied Exchange Rate (for portfolio comparison):** 214.75 YER/USD (used for the YER 8 billion = USD 37.25 million portfolio comparison in the report).","*   **March 2015:** The national crisis escalated into a nation-wide war, dramatically impacting the Bank's operations and the microfinance sector.
*   **Throughout 2015:** The Bank implemented a **Contingency Plan** to reduce activities, minimize expenses, and maintain trust with clients and partners.
*   **August 2015:** AMB conducted a market assessment and adjusted its financial services to cope with the crisis, including introducing financing for **solar power systems** and supporting foodstuff vendors and craftspeople.
*   **Late 2015:** AMB began implementing pilot phases for the **automated Social Transfers/Remittances scheme** using tablet devices for field disbursement, positioning it as the primary financial service during the crisis.
*   **Throughout 2015:** The Social Welfare Fund (SWF) was unable to repay loans disbursed to SWF-enlisted clients, leading to a nearly eight-fold increase in the Bank's Net Loan Loss Expenses.","*   Al-Amal Microfinance Bank, ""Annual Report 2015,"" Al-Amal Microfinance Bank, 2016. (Source for all financial and operational data)
*   Al-Amal Microfinance Bank, ""Statement of Financial Position,"" Annual Report 2015, p. 49.
*   Al-Amal Microfinance Bank, ""Statement of Income,"" Annual Report 2015, p. 50.
*   Al-Amal Microfinance Bank, ""AMB Financial Performance until the end of 2015,"" Annual Report 2015, p. 40-41.","High. All key metrics and narrative context are extracted directly from the institution's official 2015 Annual Report, a primary and authoritative source.",
"Azal Islamic Microfinance Program Yemen 2015 operations, borrowers, portfolio",Azal Islamic Microfinance Program Yemen,"The year 2015 was dominated by the severe impact of the escalating conflict in Yemen, particularly following the launch of ""Decisive Storm"" in March. Azal Islamic Microfinance Program (AIMP) was one of the six Microfinance Institutions (MFIs) surveyed by the Yemen Microfinance Network (YMN) to assess the immediate effects of the war. Despite the hostile operating environment, AIMP demonstrated resilience in the first five months of the year. As of May 2015, the institution maintained a stable Gross Loan Portfolio (GLP) of **USD 1.1 Million** and reported a **100%** financial and operational self-sufficiency, indicating its ability to cover operating costs. However, the number of active borrowers saw a slight decline to **4,403** (down from 4,785 in December 2013), and the Portfolio at Risk (PAR) increased slightly to **2.3%** (up from 1.8% in March 2014), reflecting the initial strain of the conflict and client displacement. AIMP continued to operate with 5 branches and 83 personnel, primarily serving the Sana'a Province, though the overall MFI sector faced extreme challenges in data collection and service delivery due to the collapse of security and infrastructure.","*   **Gross Loan Portfolio (GLP) (as of May 2015):** USD 1.1 Million
*   **Number of Active Borrowers (as of May 2015):** 4,403
*   **Portfolio at Risk (PAR) (as of May 2015):** 2.3%
*   **Financial and Operational Self-Sufficiency (as of May 2015):** 100%
*   **Number of Loans Disbursed (March 2014 - May 2015):** 1,350 (stable)
*   **Number of Branches (as of May 2015):** 5
*   **Number of Personnel (as of May 2015):** 83","*   **Early 2015:** Internal conflicts and clashes began to negatively impact the microfinance industry's performance.
*   **March 26, 2015:** The launch of ""Decisive Storm"" military airstrikes by the Arab coalition led to a rapid escalation of the conflict, creating a hostile operating environment for MFIs.
*   **Post-March 2015:** Azal Islamic Microfinance Program, along with other MFIs, faced severe operational challenges including the absence of security, lack of electricity and fuel, unstable communication services, and significant client displacement.","*   Yemen Microfinance Network (YMN), ""Microfinance in Yemen: Hopes vs. Reality, A first insight into the impact of war on the industry,"" July 2015.","Medium. The data is sourced from an authoritative industry body, the Yemen Microfinance Network (YMN), and provides specific, quantitative metrics for the first five months of 2015 (up to May 2015). However, a full-year official audit report or financial statement from the institution itself for 2015 could not be located, and comprehensive metrics like total assets, deposits, and full-year NPLs are missing. The available data is a snapshot of the immediate impact of the conflict.",
"Yemen Microfinance Network 2015 industry report, total borrowers, total portfolio",Yemen Microfinance Network,"The Yemen Microfinance Network (YMN) and its member institutions faced an unprecedented operational crisis in 2015, primarily triggered by the launch of the ""Decisive Storm"" military operation on March 26, 2015 [2]. Prior to this, the sector had maintained a positive outlook with moderate growth in active clients up to February 2015, building on resilience from the 2011 crisis [2]. The post-March environment was characterized by macroeconomic paralysis, a total blockade of national ports, and widespread destruction of infrastructure, leading to an estimated 80% unemployment rate in the private sector [2]. This crisis severely impacted the microfinance sector, resulting in a sharp decline in active borrowers due to internal displacement and the destruction of clients' businesses [2]. As of May 2015, a sample of six MFIs reported a total of **85,321** active borrowers and a Gross Loan Portfolio (GLP) of **33.512 million USD** [2]. The Portfolio at Risk (PAR) > 30 days rose to a median of **13.54%**, indicating a significant deterioration in loan quality [2]. Operationally, YMN shifted focus to crisis response, including implementing a study on the war's impact and holding a seminar on the crisis with the Social Fund for Development in October 2015 [1]. The unstable security situation also led to the cancellation of annual meetings for the Board of Directors and General Assembly in 2015 [1]. The data available up to May 2015 reflects the immediate, severe shock to the industry's stability and outreach [2].","*   **Total Active Borrowers (Sample of 6 MFIs, as of May 2015):** 85,321 customers [2]
*   **Total Gross Loan Portfolio (GLP) (Sample of 6 MFIs, as of May 2015):** 33.512 million USD [2]
*   **Median Portfolio at Risk (PAR) > 30 days (Sample of 6 MFIs, as of May 2015):** 13.54% [2]
*   **Median Portfolio at Risk (PAR) > 90 days (Sample of 6 MFIs, as of May 2015):** 9.20% [2]
*   **Median Financial Self-Sufficiency (Sample of 6 MFIs, as of May 2015):** 91.56% [2]
*   **Median Operational Self-Sufficiency (Sample of 6 MFIs, as of May 2015):** 100.75% [2]","*   **Pre-March 2015:** The microfinance industry showed a positive outlook with moderate growth in outreach and active clients, despite the instability following the 2011 crisis [2].
*   **March 26, 2015:** The sudden launch of the ""Decisive Storm"" military airstrikes by the Arab coalition marked a rapid and severe deterioration of the situation, which was not anticipated by the sector [2].
*   **Post-March 2015:** MFIs faced a sharp decline in active borrowers due to internal displacement and destruction of clients' businesses, leading to a reluctance to issue new loans [2].
*   **July 1, 2015:** The United Nations declared that war-torn Yemen had reached its highest level of humanitarian emergency, with over 80% of the population requiring assistance [2].
*   **July-August 2015:** YMN implemented a study on the ""War Impact on Yemeni Microfinance Sector"" [1].
*   **October 21, 2015:** YMN held a seminar on the ""Impact of the Crisis on the Microfinance (MF) Industry"" with the Social Fund for Development (SFD) [1].","*   Yemen Microfinance Network. (2019). *YMN Annual Report 2015-2016*. [1]
*   Yemen Microfinance Network. (2015). *Microfinance in Yemen: Hopes vs. Reality - A first insight into the impact of war on the industry*. [2]","Medium. The data is sourced from the Yemen Microfinance Network's own publications, which are primary and authoritative. However, the financial metrics are based on a sample of six member MFIs and are only available up to May 2015, not the full year. The crisis context suggests that data collection for the latter half of the year was severely hampered, leading to a partial and potentially volatile representation of the full year's performance.",
"Money exchange companies Yemen 2015 operations, remittances, number of operators",Money exchange companies Yemen,"The money exchange sector in Yemen played a **critical and expanded operational role** in 2015, effectively becoming the second most important financial intermediary in the country following the onset of the conflict and the subsequent banking sector liquidity crisis [2]. The sector was already substantial, with **551 licensed operators** as of February 2015, comprising 38 money exchange companies with 299 branches and 513 individual money changers [1]. The disruption of formal bank transfers, particularly international ones, led to a key operational shift: money exchangers began **building their own local and regional financial networks** to compensate, ensuring the continued flow of vital imports, exports, and remittances [2]. The sector's dominance is underscored by the fact that transactions through the formal banking system were reported to not exceed **3% to 5%** of total financial transactions in Yemen [1]. This operational pivot allowed the sector to facilitate an estimated **3.35 billion USD** in personal remittances received in 2015, a crucial lifeline for the war-torn economy [3]. The Central Bank of Yemen (CBY) adopted a flexible approach to licensing and regulating hawala transactions, acknowledging the sector's necessity, even as the widespread use of cash-based and informal systems posed significant challenges for financial investigation and anti-money laundering efforts [1].","*   **Total Remittance Inflow (Official Estimate):** 3.35 billion USD [3]
*   **Total Number of Licensed Operators (as of Feb 2015):** 551 [1]
*   **Licensed Money Exchange Companies (with branches):** 38 companies with 299 branches [1]
*   **Licensed Individual Money Changers:** 513 individuals [1]
*   **Banking System Transaction Share:** 3% to 5% of total financial transactions in Yemen (the remainder being cash-based/informal, largely facilitated by money exchangers) [1]
*   **Specific Sector Financial Metrics (Assets, Deposits, Loans, NPLs):** Not publicly available in consulted authoritative reports for the sector as a whole.","*   **Early 2015:** Escalation of the conflict led to a severe liquidity crisis in the banking sector and the disruption of bank-to-bank transfers [2].
*   **February 20, 2015:** The UN Security Council Panel of Experts report (S/2015/125) was issued, documenting the existing structure of 551 licensed money exchange operators and their role in hawala transactions [1].
*   **Throughout 2015:** Money exchange companies began actively building their own local and regional financial networks to bypass the disrupted formal banking system and facilitate remittances [2].
*   **Throughout 2015:** The sector's operational importance grew significantly, becoming the second most important financial intermediary in Yemen, benefiting from the war economy by facilitating international and domestic remittances and foreign currency exchange [2].","*   United Nations Security Council. *Final report of the Panel of Experts on Yemen established pursuant to Security Council resolution 2140 (2014)* (S/2015/125), February 20, 2015 [1].
*   World Bank. *Yemen Financial Sector Diagnostics*, April 5, 2024 (contains historical context and data) [2].
*   World Bank Data. *Personal remittances, received (current US$) - Yemen, Rep.* (BX.TRF.PWKR.CD.DT), Data for 2015 [3].","Medium: Data on the number of operators and the sector's critical operational role in 2015 is available from authoritative sources (UN, World Bank). However, specific aggregated financial metrics for the money exchange sector (assets, deposits, loans, NPLs) are not publicly available in the consulted reports, which focus on the broader financial system context. The official CBY 2015 Annual Report, the primary source for such data, was inaccessible. The remittance figure is an official World Bank estimate.",
"Commercial companies Yemen 2015 operations, major corporations, economic impact",Commercial companies Yemen,"The year 2015 marked a catastrophic turning point for the commercial sector in Yemen, following the intensification of the conflict in March [5]. The economy experienced a severe contraction, with the World Bank reporting a **-27.99%** annual GDP growth rate [1] [5]. This collapse was driven by the destruction of critical infrastructure, the disruption of supply chains, and the cessation of major productive activities, particularly in the oil and gas sector. Crude petroleum production plummeted by **68%** in 2015, falling to **47,000 barrels per day (bbl/d)** from 145,000 bbl/d in 2014 [3]. The private sector's contribution to the GDP contracted by **18%** between 2015 and 2016, reflecting the massive operational challenges [2]. The industrial sector, encompassing manufacturing and extractive industries, was severely impacted, operating at approximately **27%** of its capacity during the 2015-2020 period [4]. Commercial operations faced extreme hurdles due to the economic blockade, scarcity of essential commodities, and the fragmentation of the financial system, leading to a loss of confidence in formal financial institutions [5]. Despite the crisis, some financial reporting continued, such as the audit for the World Bank's Accountability Enhancement Project for the year ended December 31, 2015 [6].","*   **GDP Growth (annual %):** -27.99% [1]
*   **Crude Petroleum Production:** Decreased by 68% in 2015, falling to 47,000 barrels per day (bbl/d) from 145,000 bbl/d in 2014 [3].
*   **Private Sector Contribution to GDP Contraction (2015-2016):** The private sector's contribution to GDP contracted by 18% (compared to 31% for the public sector) [2].
*   **Industrial Sector Operation/Production:** Operated at approximately 27% of capacity during the 2015-2020 period [4].
*   **Financial Sector Deposits (Private Sector):** Yemen Deposits: Commercial and Islamic Banks: Private Sector was reported at 1,921,060.100 YER mn in January 2015, showing a decrease from the previous period [7].","*   **March 2015:** Intensification of the conflict marks the beginning of the severe economic collapse [5].
*   **2015 (Throughout the year):** Cessation of oil and gas exports, a primary source of foreign currency, leading to a foreign exchange crisis [3].
*   **2015 (Throughout the year):** Collapse of the main productive sectors of the Yemeni economy due to conflict and destruction of critical infrastructure [2].
*   **December 31, 2015:** Financial statements prepared for the World Bank's Accountability Enhancement Project, indicating ongoing international financial support despite the crisis [6].","*   World Bank. *GDP growth (annual %) - Yemen, Rep.* (Data). [1]
*   Sana'a Center. *Reforming the Business and Investment Climate in Yemen*. (Report, Sep 9, 2019). [2]
*   U.S. Geological Survey. *The Mineral Industry of Yemen in 2015*. (Report). [3]
*   Federation of Yemeni Chambers of Commerce and Industry (FYCCI). *Indicators of the performance of the industrial sector in Yemen...* (Report). [4]
*   Macrotrends. *Yemen GDP Growth Rate*. (Data). [5]
*   World Bank. *Accountability Enhancement Project, Financial Statements as of December 31, 2015*. (Audit Report). [6]
*   CEIC Data. *Yemen Deposits: Commercial and Islamic Banks: Private Sector*. (Data, Jan 2015). [7]","Low to Medium: Macroeconomic data (GDP growth, -27.99%) is available from a credible source (World Bank). However, specific, detailed financial metrics (assets, deposits, loans, NPLs) for major non-financial commercial companies or the sector as a whole are largely unavailable from primary 2015 audit reports or annual reports due to the conflict and institutional fragmentation. The available data is primarily high-level economic impact analysis.",
